fhdi_food_id,food_name,scientific_name,common_name,description,group,subgroup,drug_homologous_food
f00001,pomegranate,punica granatum,granatum punicumpunica floridapunica grandiflorapunica nanapunica spinosarhoea punica,the pomegranate scientific name punica granatum is a fruitbearing deciduous shrub or small tree growing between 58 metres tall pomegranates are used in cooking baking juices smoothies and alcoholic beverages such as martinis and wine,fruits,tropical fruits,not specified
f00002,atlantic herring,clupea harengus harengus,not specified,atlantic herring clupea harengus is a herring in the family clupeidae it is one of the most abundant fish species on earth atlantic herrings can be found on both sides of the atlantic ocean congregating in large schools,aquatic foods,fishes,not specified
f00003,pacific herring,clupea pallasii,not specified,the pacific herring clupea pallasii is a species of the herring family associated with the pacific ocean environment of north america and northeast asia it is a silvery fish with unspined fins and a deeply forked caudal fin,aquatic foods,fishes,not specified
f00004,lowfat lowcalcium meal,not specified,not specified,lowfat lowcalcium meal refers to a diet with low fat ratio and low calcium content,food combination,lowfat meal,not specified
f00005,tamarind,tamarindus indica,cavaraeacavaraea eleganstamarindus erythraeustamarindus occidentalistamarindus officinalistamarindus somalensistamarindus umbrosa,tamarind tamarindus indica is a leguminous tree in the family fabaceae indigenous to tropical africa the genus tamarindus is a monotypic taxon having only a single species the tamarind tree produces edible podlike fruit which are used extensively in cuisines around the world other uses include traditional medicines and metal polishes the wood can be used in carpentry because of the tamarinds many uses cultivation has spread around the world in tropical and subtropical zones,fruits,tropical fruits,not specified
f00006,anchovy,engraulidae,not specified,anchovies are a family engraulidae of small common saltwater forage fish there are 144 species in 17 genera found in the atlantic indian and pacific oceans anchovies are usually classified as an oily fish,aquatic foods,fishes,not specified
f00007,european anchovy,engraulis encrasicolus,not specified,the european anchovy engraulis encrasicolus is a forage fish somewhat related to the herring,aquatic foods,fishes,not specified
f00008,mango,mangifera indica,not specified,the mango is a fleshy stone fruit belonging to the genus mangifera consisting of numerous tropical fruiting trees in the flowering plant family anacardiaceae the mango is native to south asia from where it has been distributed worldwide to become one of the most cultivated fruits in the tropics while other mangifera species eg horse mango m foetida are also grown on a more localized basis mangifera indica  the common mango or indian mango  is the only mango tree commonly cultivated in many tropical and subtropical regions it is the national fruit of india philippines and pakistan in several cultures its fruit and leaves are ritually used as floral decorations at weddings public celebrations and religious ceremonies,fruits,tropical fruits,not specified
f00009,star fruit,averrhoa carambola,balimbingbelimbingma fenkamarangaomuzabibucarambolocarambolayang taoma fuenggolden starstar kingthayer,averrhoa carambola is a species of woody plant in the family oxalidaceae it has a number of common names including carambola and starfruit,fruits,tropical fruits,not specified
f00010,cottonseed,gossypium,not specified,cottonseed is the seed of the cotton plant gossypium the mature seeds are brown ovoids weighing about a tenth of a gram,spices,oilseed crops,not specified
f00011,fenugreek,trigonella foenumgraecum,aloo methiblue fenugreek,fenugreek trigonella foenumgraecum is an annual plant in the family fabaceae with leaves consisting of three small obovate to oblong leaflets fenugreek is used as a herb dried or fresh leaves spice seeds and vegetable fresh leaves sprouts and microgreens,pulses,beans,not specified
f00012,pepper,piper nigrum,not specified,black pepper piper nigrum is a flowering vine in the family piperaceae cultivated for its fruit which is usually dried and used as a spice and seasoning,spices,spices,pepper is one of the commonly used seasonings and can be processed into pepper powder eastern spices were one of the most expensive items of the middle ages
f00013,american cranberry,vaccinium macrocarpon,not specified,vaccinium macrocarpon also called large cranberry american cranberry and bearberry is a cranberry of the subgenus oxycoccus and genus vaccinium,fruits,berries,not specified
f00014,european cranberry,vaccinium oxycoccos,not specified,vaccinium oxycoccos is a species of flowering plant in the heath family it is known by the common names small cranberry bog cranberry and swamp cranberry it is native to northern north america europe and asia,fruits,berries,not specified
f00015,turmeric,curcuma longa,not specified,turmeric curcuma longa is a rhizomatous herbaceous perennial plant of the ginger family zingiberaceae,spices,spices,turmeric root powder used as a cooking seasoning especially in curry
f00016,yogurt,not specified,not specified,yogurt yoghurt or yoghourt is a fermented milk product produced by bacterial fermentation of milk,milk and milk products,fermented milk products,not specified
f00017,clementine,citrus  clementina,not specified,clementine or easy peeler british english is a tangor a citrus fruit hybrid between a willowleaf mandarin orange and a sweet orange named for its late 19thcentury discoverer,fruits,citrus,not specified
f00018,spinach,spinacia oleracea,not specified,spinach spinacia oleracea is an edible flowering plant in the family of amaranthaceae it is native to central and southwestern asia,vegetables,leaf vegetables,not specified
f00019,grape,vitis,not specified,a grape is a fruiting berry of the deciduous woody vines of the botanical genus vitis grapes can be eaten raw or they can be used for making wine jam juice jelly grape seed extract raisins vinegar and grape seed oil,fruits,berries,not specified
f00020,banana,musa acuminata,not specified,a banana is an edible fruit produced by several kinds of large herbaceous flowering plants in the genus musa,fruits,tropical fruits,not specified
f00021,lime,citrus aurantiifolia,not specified,the key lime citrus  aurantiifolia is a citrus species with a globose fruit 255 cm in diameter 12 in that is yellow when ripe but usually picked green commercially,fruits,citrus,not specified
f00022,red wine,not specified,not specified,red wine is a type of wine made from darkcolored black grape varieties the actual color of the wine can range from intense violet typical of young wines through to brick red for mature wines and brown for older red wines,beverages,fermented beverages,not specified
f00023,chocolate,not specified,not specified,chocolate is a range of products derived from cocoa mixed with fat ie cocoa butter andor plant oils and finely powdered sugar to produce a solid confection,cocoa and cocoa products,cocoa products,not specified
f00024,milk cow,not specified,not specified,as an agricultural product milk is extracted from mammals during or soon after pregnancy and used as food for humans,milk and milk products,unfermented milks,not specified
f00025,potato,solanum tuberosum,not specified,the potato is a starchy tuberous crop from the perennial solanum tuberosum of the solanaceae family also known as the nightshades the word may refer to the plant itself as well as the edible tuber,vegetables,tubers,not specified
f00026,garden tomato,solanum lycopersicum,not specified,the tomato is the edible often red fruitberry of the nightshade solanum lycopersicum commonly known as a tomato plant,vegetables,fruit vegetables,not specified
f00027,garlic,allium sativum,not specified,with a history of human use of over 7000 years garlic allium sativum is native to central asia and has long been a staple in the mediterranean region as well as a frequent seasoning in asia africa and europe,vegetables,onionfamily vegetables,not specified
f00028,sesame,sesamum orientale,not specified,sesame is a flowering plant in the genus sesamum numerous wild relatives occur in africa and a smaller number in india it is widely naturalized in tropical regions around the world and is cultivated for its edible seeds which grow in pods,spices,oilseed crops,nowadays sesame is one of the main oil crops in china and also one of the top four edible oil crops
f00029,oat,avena sativa,not specified,the common oat avena sativa is a species of cereal grain grown for its seed which is known by the same name usually in the plural unlike other grains while oats are suitable for human consumption as oatmeal and rolled oats one of the most common uses is as livestock feed,cereals and cereal products,cereals,not specified
f00030,black tea,not specified,not specified,black tea is a type of tea that is more oxidized than oolong green and white teasblack tea is generally stronger in flavour than other teasit is made from leaves of the shrub or small tree camellia sinensis,beverages,teas,not specified
f00031,roselle,hibiscus sabdariffa,not specified,the roselle hibiscus sabdariffa is a species of hibiscus native to the west africa used for the production of bast fibre and as an infusion,beverages,flower tea,not specified
f00032,shiitake,lentinus edodes,not specified,the shiitake lentinula edodes is an edible mushroom native to east asia which is cultivated and consumed in many asian countries it is a feature of many asian cuisines it is also considered a medicinal mushroom in some forms of traditional medicine,vegetables,mushrooms,lentinus edodes are also famous medicinal mushrooms in china chinese medical scholars throughout history have written about the medicinal properties and functions of shiitake mushrooms
f00033,ginger,zingiber officinale,not specified,ginger or ginger root is the rhizome of the plant zingiber officinale consumed as a delicacy medicine or spice it lends its name to its genus and family other notable members of this plant family are turmeric cardamom and galangal,spices,spices,the rhizome is used for medicine and fresh or dry products can be used as cooking ingredients or made into pickled vegetables and ginger aromatic oils can be extracted from stems leaves and rhizomes and used in food beverage and cosmetic flavorings
f00034,bitter gourd,momordica charantia,not specified,momordica charantia often called bitter melon bitter gourd or bitter squash in english has many other local names it is a tropical and subtropical vine of the family cucurbitaceae widely grown in asia africa and the caribbean for its edible fruit which is among the most bitter of all fruits,gourds,gourds,not specified
f00035,garden cress,lepidium sativum,not specified,cress lepidium sativum sometimes referred to as garden cress to distinguish it from similar plants also referred to as cress garden cress is a rather fastgrowing edible herb garden cress is genetically related to watercress and mustard sharing their peppery tangy flavor and aroma,vegetables,leaf vegetables,not specified
f00036,areca catechu,not specified,not specified,not specified,nuts,nuts,not specified
f00037,sour orange,citrus aurantium,not specified,sour orange bigarade orangebitter orange seville orange or marmalade orange is the citrus tree citrus  aurantium and its fruit it is native to southeast asia and has been spread by humans to many parts of the world,fruits,citrus,not specified
f00038,cinnamon,cinnamomum,not specified,cinnamon is a spice obtained from the inner bark of several trees from the genus cinnamomum that is used in both sweet and savoury foods while cinnamomum verum is sometimes considered to be true cinnamon most cinnamon in international commerce is derived from related species which are also referred to as cassia to distinguish them from true cinnamon,spices,spices,cinnamon has a high economic value cinnamon powder is usually used to bake bread dim sum and pickle meat in western countries cinnamon oil can be extracted from various parts of cinnamon which can be used as cosmetics raw materials as well as chocolate and cigarette ingredients
f00039,anise,pimpinella anisum,not specified,anise pimpinella anisum also called aniseed is a flowering plant in the family apiaceae native to the eastern mediterranean region and southwest asia its flavor has similarities with some other spices such as star anise fennel and liquorice,vegetables,stalk vegetables,the skin seeds and leaves all contain aromatic oil known as star anise oil also known as anise oil which is an important raw material in the manufacturing of cosmetics sweet wine beer and food industries
f00040,papaya,carica papaya,not specified,the papaya papaw or pawpaw is the fruit of the plant carica papaya the sole species in the genus carica of the plant family caricaceae,fruits,tropical fruits,papaya along with bananas and pineapples is known as the three major tropical herbaceous fruit trees its fruits are rich in nutrients including amino acids vitamins and trace elements the meat is fragrant sweet and juicy papaya can also be used for processing including canned fruits preserved fruits dried fruits etc
f00041,olive,olea europaea,not specified,the olive is the fruit of the olive tree olea europaea meaning oil fromof europe it is an important food crop in countries around the mediterranean sea and places with a mediterranean climate the olive is of major agricultural importance in the mediterranean region as the source of olive oil it is one of the three core ingredients in mediterranean cuisine,vegetables,fruit vegetables,not specified
f00042,rosemary,rosmarinus officinalis,not specified,rosmarinus officinalis commonly known as rosemary is a woody perennial herb with fragrant evergreen needlelike leaves and white pink purple or blue flowers native to the mediterranean region it is a member of the mint family lamiaceae which includes many other herbs,spices,spices,not specified
f00043,jujube,ziziphus jujuba,not specified,ziziphus jujuba commonly called jujube sometimes jujuba red date chinese date korean date or indian date is a species of ziziphus in the buckthorn family rhamnaceae used primarily as a shade tree that also bears fruit,fruits,other fruits,there are many beverages and foods processed with sour dates such as sour date cake sour date juice sour date powder sour date wine etc
f00044,kale,brassica napus var pabularia,not specified,kale or borecole is a form of cabbage with green or purple leaves in which the central leaves do not form a head it is considered to be closer to wild cabbage than most domesticated forms the species brassica oleracea contains a wide array of vegetables including broccoli cauliflower collard greens and brussels sprouts,vegetables,cabbages,not specified
f00045,maitake,grifola frondosa,not specified,grifola frondosa is a polypore mushroom that grows in clusters at the base of trees particularly oaks the mushroom is commonly known among english speakers as henofthewoods rams head and sheeps head in the united states supplement market as well as in asian grocery stores the mushroom is known by its japanese name maitake which means dancing mushroom,vegetables,mushrooms,maitake is a fungus used in both food and medicine it often grows wild around chestnut trees in summer and autumn its nutrition has good health function and high medicinal value in recent years as a kind of health food popular in japan singapore and other markets
f00046,honey,not specified,not specified,honey is a sweet food made by bees using nectar from flowers the variety produced by honey bees is the one most commonly referred to as it is the type of honey collected by beekeepers and consumed by humans honey produced by other bees and insects has distinctly different properties honey bees transform nectar into honey by a process of regurgitation and evaporation,confectioneries,other confectioneries,honey is extremely nutritious in pure natural foods with over 180 essential nutrients for the human body
f00047,pepper capsicum annuum,capsicum annuum,chili pepper,capsicum annuum is a domesticated species of the plant genus capsicum native to southern north america and northern south america the three species c annuum c frutescens and c chinense all evolved from a single common ancestor located somewhere in the northwest brazil  colombia area capsicum annuum is the most common and extensively cultivated of the five domesticated capsicums,vegetables,fruit vegetables,capsicum annuum can be used as both fresh vegetables and seasoning and dried chili peppers and chili powder are important export products in china
f00048,soy bean,glycine max,not specified,the soybean us or soya bean uk glycine max is a species of legume native to east asia widely grown for its edible bean which has numerous uses the plant is classed as an oilseed rather than a pulse by the un food and agricultural organization fao,soy,soy,not specified
f00049,bayberry,myrica,not specified,myrica is a genus of about 3550 species of small trees and shrubs in the family myricaceae order fagales the genus has a wide distribution including africa asia europe north america and south america and missing only from australia,fruits,berries,not specified
f00050,garden onion,allium cepa,not specified,the onion allium cepa latin cepa  onion also known as the bulb onion or common onion is used as a vegetable and is the most widely cultivated species of the genus allium,vegetables,onionfamily vegetables,not specified
f00051,soy milk,not specified,not specified,soy milk is a beverage made from soybeans a stable emulsion of oil water and protein it is produced by soaking dry soybeans and grinding them with water,soy,soy products,not specified
f00052,miso,not specified,not specified,miso is a traditional japanese seasoning produced by fermenting rice barley andor soybeans with salt the most typical miso being made with soy,soy,soy products,not specified
f00053,bilberry,vaccinium myrtillus,not specified,bilberry is any of several species of lowgrowing shrubs in the genus vaccinium bearing edible berries the species most often referred to is vaccinium myrtillus l  but there are several other closely related species,fruits,berries,not specified
f00054,tofu,not specified,not specified,tofu is a food made by coagulating soy milk and then pressing the resulting curds into soft white blocks it is part of east asian and southeast asian cuisine such as chinese japanese korean indonesian vietnamese and others there are many different varieties of tofu including fresh tofu and tofu that has been processed in some way,soy,soy products,not specified
f00055,soy sauce,not specified,not specified,soy sauce also called soya sauce is a condiment produced by fermenting soybeans with aspergillus oryzae or aspergillus sojae molds along with water and salt after the fermentation which yields fermented soybean paste the paste is pressed and two substances are obtained a liquid which is the soy sauce and a cake of wheat and soy residue the latter being usually reused as animal feed soy sauce is a traditional ingredient in east and southeast asian cuisines where it is used in cooking and as a condiment,soy,soy products,not specified
f00056,fava bean,vicia faba,not specified,vicia faba also known as the broad bean fava bean faba bean field bean bell bean or tic bean is a species of bean fabaceae native to north africa southwest and south asia and extensively cultivated elsewhere,pulses,beans,not specified
f00057,beer,not specified,not specified,beer is an alcoholic beverage produced by the saccharification of starch and fermentation of the resulting sugar the starch and saccharification enzymes are often derived from malted cereal grains most commonly malted barley and malted wheat most beer is also flavoured with hops which add bitterness and act as a natural preservative though other flavourings such as herbs or fruit may occasionally be included,beverages,fermented beverages,not specified
f00058,cheese,not specified,not specified,cheese is a food derived from milk that is produced in a wide range of flavors textures and forms by coagulation of the milk protein casein it comprises proteins and fat from milk usually the milk of cows buffalo goats or sheep during production the milk is usually acidified and adding the enzyme rennet causes coagulation the solids are separated and pressed into final form some cheeses have molds on the rind or throughout,milk and milk products,fermented milk products,not specified
f00059,durian,durio zibethinus,not specified,the durian is the fruit of several tree species belonging to the genus durio and the family malvacea although some taxonomists place durio in a distinct family durionaceae regarded by many people in southeast asia as the king of fruits the durian is distinctive for its large size strong odour and formidable thorncovered husk the fruit can grow as large as 30 centimetres 12 in long and 15 centimetres 6 in in diameter and it typically weighs one to three kilograms 2 to 7 lb its shape ranges from oblong to round the colour of its husk green to brown and its flesh pale yellow to red depending on the species the edible flesh emits a distinctive odour that is strong and penetrating even when the husk is intact,fruits,tropical fruits,not specified
f00060,fiber,not specified,not specified,dietary fiber is a polysaccharide that cannot be digested and absorbed by the gastrointestinal tract nor can it generate energy therefore it was once considered a nutrient free substance and has not received sufficient attention for a long time,others,chemical compound,not specified
f00061,walnut,juglans,not specified,a walnut is an edible seed of any tree of the genus juglans especially the persian or english walnut juglans regia broken nutmeats of the eastern black walnut from the tree juglans nigra are also commercially available in small quantities as are foods prepared with butternut nutmeats from juglans cinerea walnut seeds are a high density source of nutrients particularly proteins and essential fatty acids,nuts,nuts,not specified
f00062,skipjack tuna,katsuwonus pelamis,not specified,the skipjack tuna katsuwonus pelamis is a mediumsized perciform fish in the tuna family scombridae it is otherwise known as the aku arctic bonito mushmouth oceanic bonito striped tuna or victor fish,aquatic foods,fishes,not specified
f00063,albacore tuna,thunnus alalunga,not specified,the albacore thunnus alalunga is a species of tuna in the family scombridae this species is also called albacore fish albacore tuna albicore albie pigfish tombo ahi binnaga pacific albacore german bonito but see bonito longfin longfin tuna longfin tunny or even just tuna it is the only tuna species which may be marketed as white meat tuna in the united states,aquatic foods,fishes,not specified
f00064,yellowfin tuna,thunnus albacares,not specified,the yellowfin tuna thunnus albacares is a species of tuna found in pelagic waters of tropical and subtropical oceans worldwide,aquatic foods,fishes,not specified
f00065,northern bluefin tuna,thunnus thynnus,not specified,the atlantic bluefin tuna thunnus thynnus is a species of tuna in the scombridae family it is variously known as the northern bluefin tuna mainly when including pacific bluefin as a subspecies giant bluefin tuna for individuals exceeding 150 kilograms or around 330 pounds and formerly as the tunny,aquatic foods,fishes,not specified
f00066,broccoli,brassica oleracea var italica,not specified,broccoli is an edible green plant in the cabbage family whose large flowering head is used as a vegetable the word broccoli comes from the italian plural of broccolo which means the flowering top of a cabbage and is the diminutive form of brocco meaning small nail or sprout broccoli is often boiled or steamed but may be eaten raw,vegetables,cabbages,not specified
f00067,molasses,not specified,not specified,molasses is a viscous byproduct of the processing of sugar cane grapes or sugar beets into sugar the quality of molasses depends on the maturity of the sugar cane or sugar beet the amount of sugar extracted and the method of extraction,baking goods,baking goods,not specified
f00068,avocado,persea americana,not specified,the avocado persea americana is a tree native to central mexico classified in the flowering plant family lauraceae along with cinnamon camphor and bay laurel avocado or alligator pear also refers to the fruit botanically a large berry that contains a single seed of the tree avocados are commercially valuable and are cultivated in tropical and mediterranean climates throughout the world,vegetables,fruit vegetables,the flesh of avocado is soft and delicate it is rich in unsaturated fatty acid based oil minerals and vitamins it does not contain cholesterol and has a low sugar content it is a highgrade fruit suitable for all ages and a rare highfat and low sugar food for diabetics
f00069,black raspberry,rubus occidentalis,not specified,black raspberry is a common name for three species of the genus rubus rubus leucodermis native to western north america rubus occidentalis native to eastern north america rubus coreanus also known as korean black raspberry native to korea japan and china a black raspberry is a small fruit that weighs between one and two grams almost all commercial production of black raspberries is from developed cultivars of rubus occidentalis oregon accounts for over 90 of black raspberry production in the united states black raspberry plants yield significantly less fruit than their red counterparts and also commonly suffer from a raspberry mosaic disease complex that gives them shorter lifespans than other cane berry plants because of this they can be costly to produce on a large scale,fruits,berries,not specified
f00070,salt,not specified,not specified,salt also known as table salt or rock salt is a crystalline mineral that is composed primarily of sodium chloride a chemical compound belonging to the larger class of ionic salts it is absolutely essential for animal life but can be harmful to animals and plants in excess salt is one of the oldest most ubiquitous food seasonings and salting is an important method of food preservation,baking goods,seasonings,not specified
f00071,cauliflower,brassica oleracea var botrytis,not specified,cauliflower is one of several vegetables in the species brassica oleracea in the family brassicaceae it is an annual plant that reproduces by seed typically only the head the white curd is eaten the cauliflower head is composed of a white inflorescence meristem cauliflower heads resemble those in broccoli which differs in having flower buds,vegetables,cabbages,not specified
f00072,cabbage,brassica oleracea var capitata,not specified,cabbage brassica oleracea or variants is a leafy green biennial grown as an annual vegetable for its denseleaved heads closely related to other cole crops such as broccoli cauliflower and brussels sprouts it descends from b  oleracea var oleracea a wild field cabbage,vegetables,cabbages,not specified
f00073,cassava,manihot esculenta,not specified,cassava also called yuca mogo or manioc is a woody shrub cultivated in tropical and subtropical regions for its edible starchy tuberous root a major source of carbohydrates,vegetables,tubers,not specified
f00074,carrot,daucus carota subsp sativus,not specified,the carrot daucus carota subsp sativus is a root vegetable usually orange in colour though purple red white and yellow varieties exist it has a crisp texture when fresh the most commonly eaten part of a carrot is a taproot although the greens are sometimes eaten as well it is a domesticated form of the wild carrot daucus carota native to europe and southwestern asia,vegetables,root vegetables,not specified
f00075,parsnip,pastinaca sativa,not specified,the parsnip is a root vegetable closely related to the carrot it is a biennial plant usually grown as an annual its long tuberous root has creamcolored skin and flesh and can be left in the ground when mature as it becomes sweeter in flavour after winter frosts,vegetables,root vegetables,not specified
f00076,parsley,petroselinum crispum,not specified,parsley or garden parsley petroselinum crispum is a species of petroselinum in the family apiaceae native to the central mediterranean region naturalized elsewhere in europe and widely cultivated as an herb a spice and a vegetable,vegetables,stalk vegetables,not specified
f00077,fig,ficus carica,not specified,the common fig ficus carica is a species of flowering plant in the genus ficus it is the source of the fruit also called the fig and as such is an important crop in those areas where it is grown commercially,fruits,other fruits,not specified
f00078,hedge mustard,sisymbrium,not specified,hedge mustard sisymbrium officinale is a plant in the family brassicaceae it is found on roadsides and wasteland and as a weed of arable land,vegetables,other seeds,not specified
f00079,chinese mustard,brassica juncea,not specified,brassica juncea also known as mustard greens indian mustard chinese mustard and leaf mustard is a species of mustard plant subvarieties include southern giant curled mustard which resembles a headless cabbage such as kale but with a distinct horseradishmustard flavor it is also known as green mustard cabbage,vegetables,cabbages,not specified
f00080,white wine,not specified,not specified,white wine is a wine that is fermented without skin contact the colour can be strawyellow yellowgreen or yellowgoldit is produced by the alcoholic fermentation of the noncoloured pulp of grapes which may have a skin of any colourwhite wine is mainly from white grapes which are green or yellow in colour such as the chardonnay sauvignon and riesling,beverages,fermented beverages,not specified
f00081,berry wine,not specified,not specified,not specified,beverages,fermented beverages,not specified
f00082,grape wine,not specified,not specified,wine is an alcoholic beverage made from fermented grapes or other fruits the natural chemical balance of grapes lets them ferment without the addition of sugars acids enzymes water or other nutrients yeast consumes the sugars in the grapes and converts them into alcohol and carbon dioxide different varieties of grapes and strains of yeasts produce different styles of wine,beverages,fermented beverages,not specified
f00083,port wine,not specified,not specified,port wine also known as vinho do porto portuguese pronunciation viudupotu porto and usually simply port is a portuguese fortified wine produced exclusively in the douro valley in the northern provinces of portugal it is typically a sweet red wine often served as a dessert wine though it also comes in dry semidry and white varieties,beverages,fortified wines,not specified
f00084,madeira wine,not specified,not specified,madeira is a fortified portuguese wine made in the madeira islands madeira is produced in a variety of styles ranging from dry wines which can be consumed on their own as an aperitif to sweet wines more usually consumed with dessert cheaper versions are often flavoured with salt and pepper for use in cooking,beverages,fortified wines,not specified
f00085,dessert wine,not specified,not specified,dessert wines sometimes called pudding wines are sweet wines typically served with dessert,beverages,fermented beverages,not specified
f00086,mandarin orange clementine tangerine,citrus reticulata,not specified,the mandarin orange also known as the mandarin or mandarine is a small citrus tree citrus reticulata with fruit resembling other oranges,fruits,citrus,not specified
f00087,sweet orange,citrus sinensis,not specified,the orange specifically the sweet orange is the fruit of the citrus species citrus  sinensis in the family rutaceaethe fruit of the citrus sinensis is considered a sweet orange whereas the fruit of the citrus aurantium is considered a bitter orange the orange is a hybrid possibly between pomelo citrus maxima and mandarin citrus reticulata which has been cultivated since ancient times,fruits,citrus,not specified
f00088,caviar,cyclopterus lumpus,not specified,not specified,aquatic foods,fishes,not specified
f00089,celery stalks,apium graveolens var dulce,not specified,celery apium graveolens var dulce is a plant variety in the family apiaceae commonly used as a vegetable celery is used around the world as a vegetable for the crisp petiole leaf stalk the leaves are strongly flavoured and are used less often either as a flavouring in soups and stews or as a dried herb,vegetables,stalk vegetables,not specified
f00090,liver broiler or fryer raw,gallus gallus domesticus,not specified,not specified,animal foods,poultry,not specified
f00091,liver duck raw,anas platyrhynchos,not specified,not specified,animal foods,poultry,not specified
f00092,liver goose raw,anser anser,not specified,not specified,animal foods,poultry,not specified
f00093,liver ox raw,bos taurus,not specified,not specified,animal foods,bovines,not specified
f00094,liver pig raw,sus scrofa domesticus,not specified,not specified,animal foods,swine,not specified
f00095,pudding,not specified,not specified,not specified,others,desserts,not specified
f00096,black pudding boiled,not specified,not specified,not specified,others,desserts,not specified
f00097,pepper capsicum frutescens,capsicum frutescens,not specified,capsicum frutescens is a species of chili pepper that is sometimes considered to be part of the species capsicum annuum pepper cultivars in capsicum frutescens can be annual or shortlived perennial plants,vegetables,fruit vegetables,it can be used as a fresh dish or seasoning and dried chilies and paprika are important chinese exports
f00098,blueberry,vaccinium myrtillus,not specified,bilberry is any of several species of lowgrowing shrubs in the genus vaccinium bearing edible berries the species most often referred to is vaccinium myrtillus l  but there are several other closely related species,fruits,berries,not specified
f00099,cocacola,not specified,not specified,the main ingredients of cola include water carbon dioxide carbohydrate sugars carbonated water caramel phosphoric acid and caffeine,beverages,carbonated beverages,not specified
f00100,sauerkraut,not specified,not specified,sauerkraut is a kind of pickled vegetable food which can be appetizers meals or used as seasoning to make dishes,vegetables,processed vegetables,not specified
f00101,pork sausage,not specified,not specified,not specified,animal foods,swine,not specified
f00102,pineapple,ananas comosus,not specified,the pineapple ananas comosus named for its resemblance to the pine cone is a tropical plant with edible multiple fruit consisting of coalesced berries and the most economically significant plant in the bromeliaceae family,fruits,tropical fruits,not specified
f00103,alcohol,not specified,not specified,a clear liquid that can make you drunk also used as a solvent  a substance that dissolves another and in fuel food and medicines,others,chemical compound,not specified
f00104,meal,not specified,not specified,eating without clear components in the information,food combination,uncategorised,not specified
f00105,highfat meal,not specified,not specified,fda highfat highcalorie meal consist of 8001000 kcal of which approximately 500600 kcal is derived from fat and 250 kcal from carbohydrates,food combination,highfat meal,not specified
f00106,aluminum,not specified,not specified,natural foods generally have low levels of aluminum the aluminum intake in human food mainly comes from aluminum containing food additives namely potassium alum aluminum potassium sulfate and ammonium alum aluminum ammonium sulfate,others,element,not specified
f00107,calcium,not specified,not specified,natural foods such as milk and yogurt contain the most calcium while other foods such as dried beans fish tofu dark vegetables such as cauliflower cabbage and kale are all rich in calcium in addition there are many foods fortified with calcium such as orange juice cranberry juice breakfast cereals etc some people also take calcium supplements to supplement their deficiencies,others,element,not specified
f00108,iodine,not specified,not specified,foods with high iodine content include plantbased foods in seafood animal based foods in marine foods dark vegetables and fruits the plantbased foods in seafood include seaweed seaweed seaweed seaweed and so on animal foods include sea fish shrimp and shellfish while dark vegetables include cabbage cabbage cauliflower and so on these foods have a particularly high iodine content and can provide the human body with abundant iodine fruits rich in iodine include bananas pineapples oranges grapes etc,others,element,not specified
f00109,iron,not specified,not specified,iron is widely present in various foods but its distribution is extremely uneven and the absorption rate varies greatly generally animal foods contain abundant and easily absorbed heme iron therefore good sources of iron in the diet are mainly animal liver animal whole blood poultry meat chicken gizzards cow kidneys etc and plant foods such as sesame paste cherry shepherds purse green amaranth etc,others,element,not specified
f00110,lithium,not specified,not specified,eggs milk dairy products fish potatoes and vegetables are rich in lithium,others,element,not specified
f00111,magnesium,not specified,not specified,magnesium is a mineral naturally present in many foods nuts legumes avocados bananas green peas swiss chard and spinach are rich in lithium,others,element,not specified
f00112,zinc,not specified,not specified,zinc is an important micronutrient that participates in multiple basic functions of the body when your dietary structure contains a large amount of all natural foods rich in zinc it is not difficult to meet the bodys zinc needs these all natural foods include animal based foods such as seafood and beef as well as plantbased foods such as beans nuts seeds dark chocolate and whole grains,others,element,not specified
f00113,highsalt meal,not specified,not specified,a highsalt meal refers to a higher amount of salt compared to a regular diet which may have a certain impact on body function,food combination,highsalt meal,not specified
f00114,vitamin b12,not specified,not specified,the vitamin b12 in the diet comes from animal food with the main food sources being meat fish poultry and eggs the content of milk and dairy products is relatively low plant based foods generally do not contain such vitamins,others,chemical compound,not specified
f00115,vitamin b3,not specified,not specified,vitamin b3 also known as niacin is commonly found in foods such as 1 fruits including figs or carrots as well as yellow fruits containing vitamin b3 2 other foods including grains milk meat beans liver etc also contain a large amount of vitamin b3,others,chemical compound,not specified
f00116,standard meal,not specified,not specified,the composition of standard meals varies from place to place but their nutrient ratios are roughly similar and balanced,food combination,standard meal,not specified
f00117,nutritional proteinrich drink,not specified,not specified,nutritional drink rich in proteins treatment d ensure 250 ml chocolate or vanilla 250 kcal 84 g fat 334 g carbohydrate 105 g protein,food combination,liquid meal,not specified
f00118,nonfat meal,not specified,not specified,nonfat meal refer to meals that do not contain or only contain a small amount of fat,food combination,nonfat meal,not specified
f00119,atkins diet meal,not specified,not specified,this is the lowcarbon weight loss method pioneered by dr atkins also known as carnivorous weight loss method in china atkins believes that if you want to lose weight it is best to consume foods containing protein but not any carbohydrate foods he believes that a nutritious diet that controls carbohydrates is more beneficial to the human body than a low fat and high sugar diet and that a nutritious diet that controls carbohydrates can also help improve the condition of heart disease and other conditions his weight loss theory has received widespread attention and has been scientifically proven effective by millions of successful weight loss professionals,food combination,speciality diets,not specified
f00120,viscosity meal,not specified,not specified,food viscosity can not only affect appetite but also regulate postprandial blood sugar and insulin response as delayed gastrointestinal conversion of sticky foods may slow down digestion and absorption rates,food combination,speciality diets,not specified
f00121,moderatefat meal,not specified,not specified,moderatefat test meals contain half the caloric content of a highfat meal with fat contributing to approximately 150 kcal,food combination,moderatefat meal,not specified
f00122,american diabetes associationada meal,not specified,not specified,the american diabetes association recommends that people eat fruits and vegetables lean meat or vegetable derived proteins foods with less added sugar and less processing,food combination,speciality diets,not specified
f00123,lowfat meal,not specified,not specified,lowfat test meals are less consistent between studies because they are neither defined by fda nor ema but these meals roughly consist of less than 100 kcal derived from fat eg a continental breakfast,food combination,lowfat meal,not specified
f00124,lowfat lowcaloric meal,not specified,not specified,lowfat lowcaloric meal refers to a diet with lower calories and lower fat content,food combination,lowfat meal,not specified
f00125,lowfat vegetarian meal,not specified,not specified,lowfat vegetarian meal refers to a vegetarian diet with lower fat content,food combination,lowfat meal,not specified
f00126,lowfat highcaloric food,not specified,not specified,lowfat highcaloric food refers to a diet with high calories and lower fat content,food combination,lowfat meal,not specified
f00127,lowfat highcarbohydrate meal,not specified,not specified,lowfat highcarbohydrate meal refers to a diet with high carbohydrate and lower fat content,food combination,lowfat meal,not specified
f00128,lowfat nonvegetarian meal,not specified,not specified,lowfat nonvegetarian meal refers to a nonvegetarian diet with lower fat content,food combination,lowfat meal,not specified
f00129,eggs,not specified,not specified,an egg is the organic vessel containing the zygote resulting from fertilization of the ovum in which an animal embryo develops until it can survive on its own at which point the animal hatches most arthropods vertebrates and mollusks lay eggs although some do not eg scorpions and most mammals oviparous animals are those that lay eggs with little or no other development within the mother the study or collecting of eggs particularly bird eggs is called oology the term egg is used differently outside the animal kingdom reproductive structures similar to the egg in other kingdoms are termed spores or in spermatophytes seeds or in gametophytes egg cells,animal foods,eggs,not specified
f00130,folic acid,not specified,not specified,folic acid is a derivative of pteridine initially isolated from the liver but later found to be very abundant in the green leaves of plants hence the name folic acid it is widely found in meat fresh fruits and vegetables it is a yellow crystalline powder odorless and tasteless its sodium salt is easily soluble in water insoluble in alcohol ether and other organic solvents it is insoluble in cold water but slightly soluble in hot water it is unstable in acidic solutions and easily damaged by light,others,chemical compound,not specified
f00131,lowprotein meal,not specified,not specified,lowprotein meal refers to a diet with lower protein content,food combination,lowprotein meal,not specified
f00132,mexican diet meal,not specified,not specified,mexican diet which consisted of two fried eggs with tomato onion and chili two slices of bacon chilaquiles tortillas 55 g with tomato chili and cream 12 g and a glass of milk 240 ml fat 571 protein 16 carbohydrates 26 9635 kcal,food combination,speciality diets,not specified
f00133,highcarbohydrate lowprotein meal,not specified,not specified,highcarbohydrate lowprotein meal refers to a diet with lower protein content and higher carbohydrate content,food combination,highcarbohydrate meal,not specified
f00134,highcarbohydrate meal,not specified,not specified,highcarbohydrate meal refers to a diet with higher carbohydrate content,food combination,highcarbohydrate meal,not specified
f00135,highcalcium moderatefat moderatecaloric meal,not specified,not specified,highcalcium moderatefat moderatecaloric meal refers to a diet with moderate caloric higher calcium content and moderate fat content,food combination,moderatefat meal,not specified
f00136,500caloric wellbalanced meal,not specified,not specified,a wellbalanced 500calorie meal wb500 a wellbalanced 250calorie meal wb250 a 250calorie highfat meal hf250 a wellbalanced meal was defined as approximately 55 carbohydrates 30 fat and 15 protein whereas a highfat meal contained approximately 30 carbohydrates 50 fat and 20 protein,food combination,wellbalanced meal,not specified
f00137,250caloric wellbalanced meal,not specified,not specified,a wellbalanced 500calorie meal wb500 a wellbalanced 250calorie meal wb250 a 250calorie highfat meal hf250 a wellbalanced meal was defined as approximately 55 carbohydrates 30 fat and 15 protein whereas a highfat meal contained approximately 30 carbohydrates 50 fat and 20 protein,food combination,wellbalanced meal,not specified
f00138,250caloric wellbalanced liquid meal,not specified,not specified,a wellbalanced 500calorie meal wb500 a wellbalanced 250calorie meal wb250 a 250calorie highfat meal hf250 a wellbalanced meal was defined as approximately 55 carbohydrates 30 fat and 15 protein whereas a highfat meal contained approximately 30 carbohydrates 50 fat and 20 protein,food combination,wellbalanced meal,not specified
f00139,250caloric highfat meal,not specified,not specified,the liquid meal replacement supplement consisted of a 250ml vanilla ensure 250 calories 54 carbohydrates 30 fat and 16 protein 250calorie liquid meal supplement ensure ensure abbott nutrition columbus oh usa,food combination,highfat meal,not specified
f00140,proteinrich drink meal,not specified,not specified,in normalfat meal fat accounted for approximately 189 of total calories carbohydrate 268 kcal protein 76 kcal in proteinrich drink ensure fat accounted for approximately 72 of total calories carbohydrate 153 kcal protein 75 kcal,food combination,liquid meal,not specified
f00141,liquid meal,not specified,not specified,a liquid diet consists only of liquids instead of solid food this includes homemade or storebought juices and smoothies homemade protein shakes premade protein shakes and storebought liquid meal replacements,food combination,liquid meal,not specified
f00142,light meal,not specified,not specified,light meals with low calories low fat and high fiber have become very popular in world,food combination,speciality diets,not specified
f00143,homogenized meal,not specified,not specified,homogenized meal have 400 mlcaloric value 490 kcal made up of 50 carbohydrate 30 lipid 20 protein,food combination,speciality diets,not specified
f00144,highpurine meal,not specified,not specified,highpurine meal refers to a diet with higher purine content,food combination,highpurine meal,not specified
f00145,highprotein meal,not specified,not specified,highprotein meal refers to a diet with higher protein content,food combination,highprotein meal,not specified
f00146,highfiber meal,not specified,not specified,highfiber meal also known as a high residue diet refers to a diet that contains more dietary fiber,food combination,highfiber meal,not specified
f00147,highfat vegetarian meal,not specified,not specified,highfat vegetarian meal refers to a vegetarian diet with higher fat content,food combination,highfat meal,not specified
f00148,highfat nonvegetarian meal,not specified,not specified,highfat nonvegetarian meal refers to a nonvegetarian diet with higher fat content,food combination,highfat meal,not specified
f00149,highfat nondairy meal,not specified,not specified,highfat nondairy meal refers to a nondairy diet with higher fat content,food combination,highfat meal,not specified
f00150,highfat lowcalcium meal,not specified,not specified,highfat lowcalcium meal refers to a diet with higher fat ratio and lower calcium content,food combination,highfat meal,not specified
f00151,highfat highcalcium meal,not specified,not specified,highfat highcalcium meal refers to a diet with higher fat ratio and higher calcium content,food combination,highfat meal,not specified
f00152,highcaloric meal,not specified,not specified,highcaloric meal refers to a diet with high caloric,food combination,highcaloric meal,not specified
f00153,french breakfast,not specified,not specified,french breakfast is a meal with very low protein content,food combination,speciality diets,not specified
f00154,evening meal,not specified,not specified,evening meal mean supper around 7pm9pm,food combination,uncategorised,not specified
f00155,croissant with coffee,not specified,not specified,croissant with coffee treatment e 240 kcal 12 g fat 28 g carbohydrate 5 g protein,food combination,speciality diets,not specified
f00156,continental breakfast,not specified,not specified,continental breakfast is the breakfast method used by the british in the english context to refer to various countries on the european continent however over time the meaning of the word continental breakfast has now evolved into simple breakfast which is a simple breakfast that only provides coffee tea milk butter jam bread and juice this kind of breakfast usually does not provide cereal congee meat sausage and eggs,food combination,speciality diets,not specified
f00157,carbohydrate meal,not specified,not specified,carbohydrate meal refers to a dietary structure that is mainly composed of carbohydrates,food combination,uncategorised,not specified
f00158,flavone,not specified,not specified,flavonoids are widely present in natural plants and are secondary metabolites of plants,others,chemical compound,not specified
f00159,black mulberry,morus nigra,not specified,morus nigra the black mulberry is a species of flowering plant in the family moraceae native to southwestern asia where it has been cultivated for so long that its precise natural range is unknown the edible fruit is dark purple almost black when ripe 23 centimetres 0812 in long a compound cluster of several small drupes it is richly flavoured similar to the red mulberry morus rubra but unlike the more insipid fruit of the white mulberry morus alba,fruits,berries,black mulberry summer fruit ripening and harvesting can be used to make jam jelly syrup and so on
f00160,flaxseed,linum usitatissimum,not specified,flax also known as common flax or linseed is a member of the genus linum in the family linaceae it is a food and fibre crop that is grown in cooler regions of the world flax fibres are taken from the stem of the plant and are two to three times as strong as those of cotton as well flax fibres are naturally smooth and straight europe and north america depended on flax for cloth until the nineteenth century when cotton overtook flax as the most common plant used for making linen paper flax is grown on the canadian praires for linseed oil which is used as a drying oil in paints and varnish and in products such as linoleum and printing inks it is native to the region extending from the eastern mediterranean to india and was probably first domesticated in the fertile crescent flax was extensively cultivated in ancient ethiopia and ancient egypt a discovery reported in 2009 of spun dyed and knotted wild flax fibers in a prehistoric cave in the republic of georgia shows that the plant was already in use by humans at the surprisingly early date of 30000 bc new zealand flax is not related to flax but was named after it as both plants are used to produce fibers,spices,oilseed crops,not specified
f00161,watercress,nasturtium officinale,rorippa nasturtiumaquaticum,watercress nasturtium officinale is a fastgrowing aquatic or semiaquatic perennial plant native to europe and asia and one of the oldest known leaf vegetables consumed by humans it is a member of the family brassicaceae botanically related to garden cress mustard and radish  all noteworthy for a peppery tangy flavour the hollow stems of watercress are floating and the leaves are pinnately compound small white and green flowers are produced in clusters,vegetables,leaf vegetables,the tender stems and leaves of watercress are sold in china for vegetable consumption according to relevant research the content of vitamin b vitamin c and amino acids in douban is relatively high and it contains rich nutrients such as protein carbohydrates and organic acids making it a good edible vegetable
f00162,grapefruit,citrus x paradisi,not specified,the grapefruit citrus  paradisi is a subtropical citrus tree known for its sour to semisweet fruit an 18thcentury hybrid first bred in barbados when found it was named the forbidden fruit and it has also been misidentified with the pomelo or shaddock c maxima one of the parents of this hybrid the other being sweet orange c  sinensis the evergreen grapefruit trees usually grow to around 56 meters 1620 ft tall although they can reach 1315 m 4349 ft the leaves are glossy dark green long up to 15 centimeters 59 in and thin it produces 5 cm 2 in white fourpetaled flowers the fruit is yelloworange skinned and generally an oblate spheroid in shape it ranges in diameter from 1015 cm 3959 in the flesh is segmented and acidic varying in color depending on the cultivars which include white pink and red pulps of varying sweetness generally the redder varieties are sweeter the 1929 us ruby red of the redblush variety has the first grapefruit patent,fruits,citrus,not specified
f00163,rocket salad ssp,eruca vesicaria ssp sativa,not specified,eruca sativa syn e vesicaria subsp sativa miller thell brassica eruca l is an edible annual plant commonly known as salad rocket roquette rucola rugula colewort and in the united states arugula it is sometimes conflated with diplotaxis tenuifolia the perennial wall rocket another plant of the brassicaceae family which in the past was used in the same manner eruca sativa which is widely popular as a salad vegetable is a species of eruca native to the mediterranean region from morocco and portugal in the west to syria lebanon and turkey in the east the latin adjective sativa in the plants binomial is derived from satum the supine of the verb sero meaning to sow indicating that the seeds of the plant were sown in gardens eruca sativa differs from e vesicaria in having early deciduous sepals some botanists consider it a subspecies of eruca vesicaria e vesicaria subsp sativa still others do not differentiate between the two,vegetables,leaf vegetables,not specified
f00164,kefir,not specified,not specified,kefir is a fermented milk drink that originated with shepherds of the north caucasus region who discovered that fresh milk carried in leather pouches would occasionally ferment into an effervescent beverage it is prepared by inoculating cow goat or sheeps milk with kefir grains traditional kefir was made in skin bags that were hung near a doorway the bag would be knocked by anyone passing through the doorway to help keep the milk and kefir grains well mixed,milk and milk products,fermented milks,not specified
f00165,brussel sprouts,brassica oleracea var gemmifera,not specified,the brussels sprout is a cultivar in the gemmifera group of cabbages grown for its edible buds the leafy green vegetables are typically 254 cm 09816 in in diameter and look like miniature cabbages the brussels sprout has long been popular in brussels belgium and may have originated there,vegetables,cabbages,not specified
f00166,caraway,carum carvi,not specified,caraway carum carvi also known as meridian fennel or persian cumin is a biennial plant in the family apiaceae native to western asia europe and northern africa the plant is similar in appearance to other members of the carrot family with finely divided feathery leaves with threadlike divisions growing on 2030 cm stems the main flower stem is 4060 cm tall with small white or pink flowers in umbels caraway fruits are crescentshaped achenes around 2 mm long with five pale ridges,spices,spices,caraway a biennial herbaceous plant in the umbelliferae family is native to europe and west asia its fruit is a spice that can be used for cooking or medicine
f00167,pummelo,citrus maxima,not specified,the pomelo citrus maxima or citrus grandis pummelo pommelo or shaddock is a crisp citrus fruit native to south and southeast asia it is usually pale green to yellow when ripe with sweet white or more rarely pink or red flesh and very thick albedo rind pith,fruits,citrus,not specified
f00168,tartary buckwheat,fagopyrum tataricum,not specified,tartary buckwheat fagopyrum tataricum also known as duckwheat india buckwheat india wheat green buckwheat or bitter buckwheat is a domesticated food plant in the genus fagopyrum sometimes merged into the genus polygonum in the family polygonaceae with another species in the same genus common buckwheat it is often counted as a cereal but unlike the true cereals the buckwheats are not members of the grass family thus they are not related to true wheat tartary buckwheat is bitterer but contains more rutin than common buckwheat it also contains quercitrin tartar buckwheat was domesticated in east asia while it is unfamiliar to the west it is still eaten in the himalayan region today,cereals and cereal products,cereals,in china as well as in countries such as japan north korea and russia tartary buckwheat has always been a popular delicacy and is known as the king of grains
f00169,strawberry,fragaria x ananassa,not specified,the garden strawberry or simply strawberry fragaria  ananassa is a widely grown hybrid species of the genus fragaria collectively known as the strawberries it is cultivated worldwide for its fruit the fruit which is not a botanical berry but an aggregate accessory fruit is widely appreciated for its characteristic aroma bright red color juicy texture and sweetness it is consumed in large quantities either fresh or in such prepared foods as preserves fruit juice pies ice creams milkshakes and chocolates artificial strawberry aroma is also widely used in many industrial food products as strawberry flavor and fragrance are popular characteristics for consumersthey are used widely in a variety of manufacturing including foods beverages confections perfumes and cosmetics,fruits,berries,not specified
f00170,lettuce,lactuca sativa,not specified,today the majority of lettuce is grown for its leaves although one type is grown for its stem and one for its seeds which are made into an oil most lettuce is used in salads either alone or with other greens vegetables meats and cheeses romaine lettuce is often used for caesar salads with a dressing that includes anchovies and eggs lettuce leaves can also be found in soups sandwiches and wraps while the stems are eaten both raw and cooked,vegetables,leaf vegetables,not specified
f00171,apricot,prunus armeniaca,not specified,an apricot is a fruit or the tree that bears the fruit usually an apricot tree is from the tree species prunus armeniaca but the species prunus brigantina prunus mandshurica prunus mume and prunus sibirica are closely related have similar fruit and are also called apricots,fruits,drupes,not specified
f00172,almond,prunus dulcis,not specified,the almond prunus dulcis syn prunus amygdalus amygdalus communis amygdalus dulcis is a species of tree native to the middle east and south asia almond is also the name of the edible and widely cultivated seed of this tree,nuts,nuts,almonds are widely used in fields such as food cosmetics and medicine
f00173,guava,psidium guajava,not specified,guavas singular guava are plants in the myrtle family myrtaceae genus psidium which contains about 100 species of tropical shrubs and small trees guava juice is popular in many countries the fruit is also often prepared in fruit salads,fruits,tropical fruits,not specified
f00174,radish,raphanus sativus,not specified,the radish raphanus sativus is an edible root vegetable of the brassicaceae family that was domesticated in europe in preroman times they are grown and consumed throughout the world radishes have numerous varieties varying in size color and duration of required cultivation time there are some radishes that are grown for their seeds oilseed radishes are grown as the name implies for oil production radish can sprout from seed to small plant in as little as 3 days,vegetables,root vegetables,not specified
f00175,rowanberry,sorbus aucuparia,not specified,sorbus aucuparia commonly called rowan and mountainash is a species of deciduous tree or shrub in the rose family it is a highly variable species and botanists have used different definitions of the species to include or exclude trees native to certain areas a recent definition includes trees native to most of europe and parts of asia as well as northern africa the range extends from madeira and iceland to russia and northern china unlike many plants with similar distributions it is not native to japan fruit and foliage of s aucuparia have been used by humans in the creation of dishes and beverages as a folk medicine and as fodder for livestock,fruits,berries,rowanberry fruits are rich in minerals crude fiber vitamin c and can be used as raw materials for foods and beverages such as fruit juice jam canned goods and preserved fruits
f00176,hazelnut,corylus,not specified,a hazelnut is the nut of the hazel and is also known as cobnut or filbert nut according to species the kernel of the seed is edible and used raw or roasted or ground into a paste hazelnuts are also used for livestock feed as are chestnuts and acorns the seed has a thin dark brown skin which is sometimes removed before cooking hazelnuts are rich in protein and unsaturated fat moreover they contain significant amounts of thiamine and vitamin b6 as well as smaller amounts of other b vitamins,nuts,nuts,not specified
f00177,potassium,not specified,not specified,potassium is an important electrolyte and the third most abundant mineral in the human body playing many important functions such as balancing fluid and mineral levels in the body foods rich in potassium include avocados bananas avocados spinach etc,others,element,not specified
f00178,tyramine,not specified,not specified,some foods are naturally higher in tyramine tyramine levels also increase when food is aged or fermented your amount will depend on your symptoms medical history and medications some foods high in tyramine includeaged cheeses alcohol wine and beer cured meat and processed meat salami sausage bacon cold cuts concentrated yeast marmite vegemite coffee chocolate soy sauce teriyaki sauce miso fermented foods kimchi sauerkraut kefir tofu aged bananas avocado grapes citrus fruits,others,chemical compound,not specified
f00179,fish oil,not specified,not specified,fish oil is oil derived from the tissues of oily fish fish oils contain the omega3 fatty acids eicosapentaenoic acid epa and docosahexaenoic acid dha precursors of certain eicosanoids that are known to reduce inflammation in the body and improve hypertriglyceridemia fish oil has been shown the benefit for cardiovascular disease the most promising evidence supports supplementation for prevention of cardiac death,aquatic foods,fishes,not specified
f00180,lemon balm,melissa officinalis,not specified,lemon balm melissa officinalis not to be confused with bee balm which is genus monarda is a perennial herb in the mint family lamiaceae native to southern europe and the mediterranean region it grows to 70150 cm tall the leaves have a gentle lemon scent related to mint during summer small white flowers full of nectar appear these attract bees hence the genus name melissa greek for honey bee its flavour comes from citronellal 24 geranial 16 linalyl acetate 12 and caryophyllene 12,beverages,flower tea,lemon balm can be used as a raw material for incense tea making pickling and stewing
f00181,arabica coffee,coffea arabica,not specified,coffea arabica is a species of coffea originally indigenous to the mountains of the southwestern highlands of ethiopia it is also known as the coffee shrub of arabia mountain coffee or arabica coffee coffea arabica is believed to be the first species of coffee to be cultivated being grown in southwest ethiopia for well over 1000 years it is said to produce better tasting coffee than the other major commercially grown coffee species coffea canephora robusta because robusta cherries contain twice as much caffeine as arabica caffeine itself has a bitter taste making robusta more bitter c arabica contains less caffeine than any other commercially cultivated species of coffee,coffee and coffee products,coffee,not specified
f00182,cocoa bean,theobroma cacao,not specified,cocoa bean also cacao bean often simply cocoa and cacao mayan kakaw nahuatl cacaua is the dried and fully fermented fatty seed of theobroma cacao from which cocoa solids and cocoa butter are extracted they are the basis of chocolate as well as many mesoamerican foods such as mole sauce and tejate,coffee and coffee products,coffee,not specified
f00183,bog bilberry,vaccinium uliginosum,not specified,vaccinium uliginosum bog bilberry or northern bilberry is a flowering plant in the genus vaccinium the fruit is a dark blueblack berry 58 millimetres 020031 in diameter with a white flesh edible and sweet when ripe in late summer,fruits,berries,not specified
f00184,lowbush blueberry,vaccinium angustifolium,not specified,vaccinium angustifolium commonly known as the lowbush blueberry is a species of blueberry native to eastern and central canada and the northeastern united states growing as far south as west virginia and west to the great lakes region minnesota and manitoba vaccinium angustifolium is a low spreading deciduous shrub growing to 60 cm tall though usually 35 cm tall or less the leaves are glossy bluegreen in summer turning purple in the fall the leaf shape is broad to elliptical buds are brownish red in stem axils the flowers are white bellshaped 5 mm long the fruit is a small sweet dark blue to black berry,fruits,berries,not specified
f00185,blackcurrant,ribes nigrum,not specified,blackcurrant with the scientific name ribes nigrum is a species of ribes native to central and northern europe and northern asia it is widely cultivated commercially and domestically as a temperate fruit crop for its abundant berries it is less well known in the united states where it has been subject to restrictions as a disease vector for most of the 20th century,fruits,berries,not specified
f00186,sweet cherry,prunus avium,not specified,prunus avium commonly called wild cherry sweet cherry bird cherry or gean is a species of cherry native to europe western turkey northwestern africa and western asia from the british isles south to morocco and tunisia north to the trondheimsfjord region in norway and east to the caucasus and northern iran with a small disjunct population in the western himalaya this species in the rose family rosaceae has a diploid set of sixteen chromosomes 2n16 all parts of the plant except for the ripe fruit are slightly toxic containing cyanogenic glycosides,fruits,drupes,not specified
f00187,citrus jabara,citrus jabara,not specified,the consumption of fruit and fruit extracts with diet is one of the traditional and existing habits which helps supplement the critical nutrition to the body among them citrus fruits are important food and energy sources and play an important role in a balanced diet citrus jabara belongs to this family and is a prominent characteristic feature of small trees or shrubs with fleshy fruits c jabara mainly contains up to 50 of its total soluble sugars like glucose and fructose along with sugars pectin oil and citric acids present,fruits,citrus,not specified
f00188,olive oil,not specified,not specified,olive oil is a liquid obtained from olives the fruit of olea europaea family oleaceae a traditional tree crop of the mediterranean basin the oil is produced by pressing whole olives it is commonly used in cooking whether for frying or as a salad dressingit consists mainly of oleic acid up to 83 with smaller amounts of other fatty acids including linoleic acid up to 21 and palmitic acid up to 20,spices,oilseed crops,not specified
f00189,french plantain,musa x paradisiaca,not specified,musa  paradisiaca is the accepted name for the hybrid between musa acuminata and musa balbisiana most cultivated bananas and plantains are triploid cultivars either of this hybrid or of m  acuminata linnaeus originally used the name m  paradisiaca only for plantains or cooking bananas but the modern usage includes hybrid cultivars used both for cooking and as dessert bananas,fruits,tropical fruits,not specified
f00190,chinese cinnamon,cinnamomum aromaticum,cassia cinnamon,cinnamomum cassia called chinese cassia or chinese cinnamon is an evergreen tree originating in southern china and widely cultivated there and elsewhere in southern and eastern asia india indonesia laos malaysia taiwan thailand and vietnam it is one of several species of cinnamomum that are used primarily for their aromatic bark which is used as a spice in the united states of america chinese cassia is often sold under the culinary name of cinnamon the buds are also used as a spice especially in india and were once used by the ancient romans,spices,spices,cinnamon has a high economic value cinnamon powder is usually used to bake bread dim sum and pickle meat in western countries cinnamon oil can be extracted from various parts of cinnamon which can be used as cosmetics raw materials as well as chocolate and cigarette ingredients
f00191,sucralose,not specified,not specified,widelyused sweetening agent all salts intensely sweet permitted in foods at levels of 801200 ppm in eu although saccharin was commercialized not long after its discovery it was not until sugar shortages during world war i that its use became widespread in countries where saccharin is allowed as a food additive it is used to sweeten products such as drinks candies medicines and toothpaste,others,chemical compound,not specified
f00192,common bean,phaseolus vulgaris,pinto navy red kidney black beans,phaseolus vulgaris the common bean string bean field bean flageolet bean french bean garden bean haricot bean pop bean or snap bean is a herbaceous annual plant grown worldwide for its edible fruit either the dry seed or the unripe fruit both of which are referred to as beans the leaf is also occasionally used as a vegetable and the straw can be used for fodder along with other species of the bean genus phaseolus it is classified botanically into the legume family fabaceae most of whose members acquire nitrogen through an association with rhizobia a species of nitrogenfixing bacteria,pulses,beans,not specified
f00193,pistachio,pistacia vera,not specified,the pistachio pistacia vera in the anacardiaceae family is a small tree originally from greater iran which now can also be found in regions of syria lebanon turkey greece tunisia kyrgyzstan tajikistan turkmenistan india pakistan egypt italy uzbekistan afghanistan especially in the provinces of samangan and badghis and the united states specifically in california the tree produces an important culinary nut pistacia vera often is confused with other species in the genus pistacia that are also known as pistachio these species can be distinguished from p vera by their geographic distributions in the wild and their nuts which are much smaller have a strong flavor of turpentine and have a shell that is not hard,nuts,nuts,not specified
f00194,red beetroot,beta vulgaris var rubra,not specified,the beetroot is the taproot portion of the beet plant also known in north america as the table beet garden beet red or golden beet or informally simply as the beet it is several of the cultivated varieties of beet beta vulgaris grown for their edible taproots and their greens these varieties have been classified as b vulgaris subsp vulgaris conditiva group other than as a food its uses include food coloring and as a medicinal plant many beet products are made from other beta vulgaris varieties particularly sugar beet,vegetables,root vegetables,not specified
f00195,wild carrot,daucus carota,not specified,daucus carota whose common names include wild carrot birds nest bishops lace and queen annes lace north america is a flowering plant in the family apiaceae native to temperate regions of europe southwest asia and naturalized to north america and australia domesticated carrots are cultivars of a subspecies daucus carota subsp sativus,vegetables,root vegetables,not specified
f00196,soursop,annona muricata,graviola,soursop is the fruit of annona muricata a broadleaf flowering evergreen tree native to mexico cuba central america the caribbean and northern south america colombia brazil peru ecuador and venezuela soursop is also produced in somalia today it is also grown in some areas of southeast asia as well as in some pacific islands it was most likely brought from mexico to the philippines by way of the manilaacapulco galleon trade it is in the same genus as the chirimoya and the same family as the pawpaw soursop raw edible parts nutritional value per 100 g energy 276 kj carbohydrates 1684 g  sugars 1354 g  dietary fiber 33 g fat 030 g protein 100 g vitamin a equiv 0 g 0 thiamine vit b1 0070 mg 6 riboflavin vit b2 0050 mg 4 niacin vit b3 0900 mg 6 vitamin b6 0059 mg 5 folate vit b9 14 g 4 vitamin c 206 mg 25 calcium 14 mg 1 iron 06 mg 5 magnesium 21 mg 6 phosphorus 27 mg 4 potassium 278 mg 6 zinc 01 mg 1 percentages are relative tous recommendations for adults the soursop is adapted to areas of high humidity and relatively warm winters temperatures below 5 c will cause damage to leaves and small branches and temperatures below 3 c can be fatal the fruit becomes dry and is no longer good for concentrate other common names include evo aluguntugui guanbana graviola anona corossol sorsaka adunu brazilian pawpaw guyabano guanavana togebanreisi durian benggala nangka blanda sirsak zuurzak and nangka londa in malayalam it is called mullaatha literally thorny custard apple the other lesserknown indian names are shulramfal and lakshmana phala and in harar ethiopia in harari language known for centuries as amba shoukh thorny mango or thorny fruit the flavour has been described as a combination of strawberry and pineapple with sour citrus flavour notes contrasting with an underlying creamy flavour reminiscent of coconut or banana,fruits,tropical fruits,soursop is a famous tropical fruit that is edible
f00197,pitaya,hylocereus undatus,not specified,pitaya or pitahaya is the fruit of several different cactus species indigenous to the americasthe fruits texture is sometimes likened to that of the kiwifruit because of its black crunchy seeds the seed oil contains the fatty acids linoleic acid and linolenic acid,fruits,tropical fruits,not specified
f00198,jicama,pachyrhizus erosus,not specified,pachyrhizus erosus commonly known as jicama mexican yam or mexican turnip is the name of a native mexican vine although the name most commonly refers to the plants edible tuberous root jcama is a species in the genus pachyrhizus in the bean family fabaceae plants in this genus are commonly referred to as yam bean although the term yam bean can be another name for jcama the other major species of yam beans are also indigenous within the americas flowers either blue or white and pods similar to lima beans are produced on fully developed plants several species of jicama occur but the one found in many markets is pachyrrizus erosus the two cultivated forms of p erosus are jicama de agua and jicama de leche the latter has an elongated root and milky juice the agua form has a topshaped to oblate root a translucent juice and is the preferred form for market,vegetables,root vegetables,not specified
f00199,yam,dioscorea,not specified,yam is the common name for some plant species in the genus dioscorea family dioscoreaceae that form edible tubers these are perennial herbaceous vines cultivated for the consumption of their starchy tubers in africa asia latin america the caribbean and oceania there are many cultivars of yam although some varieties of sweet potato ipomoea batatas are also called yam in parts of the united states and canada it is not part of the family dioscoreaceae rather it is in the morning glory family convolvulaceae the true yam is a versatile vegetable it can be barbecued roasted fried grilled boiled baked smoked and when grated it is processed into a dessert recipe,vegetables,tubers,not specified
f00200,sugar apple,annona squamosa,not specified,sugarapple is the fruit of annona squamosa the most widely grown species of annona and a native of the tropical americas and west indies the fruit is round to conical 510 cm 2039 in in diameter and 610 cm 2439 in long and weighing 100240 g 3585 oz with a thick rind composed of knobby segments the color is typically pale green to bluegreen with a deep pink blush in certain varieties and typically has a bloom it is unique among annona fruits in being segmented and the segments tend to separate when ripe exposing the interior the flesh is fragrant and sweet creamy white to light yellow and resembles and tastes like custard it is found adhering to 1316 mm 051063 in long seeds to form individual segments arranged in a single layer around the conical core it is soft slightly grainy and slippery the hard shiny seeds may number 2038 or more per fruit and have a brown to black coat although varieties exist that are almost seedless,fruits,tropical fruits,annona squamosa is a famous tropical fruit that is edible
f00201,green tea,folium camelliae sinensis,not specified,green tea is a type of tea that is made from camellia sinensis leaves and buds that have not undergone the same withering and oxidation process used to make oolong teas and black teasgreen tea originated in china but its production and manufacture has spread to many other countries in asia several varieties of green tea exist which differ substantially based on the variety of c sinensis used growing conditions horticultural methods production processing and time of harvest,teas,teas,not specified
f00202,mung bean,vigna radiata,semen phaseoli radiati,the mung or moong bean also known as green gram or golden gram is the seed of vigna radiata native to the indian subcontinent and mainly cultivated in china thailand philippines indonesia burma bangladesh and india but also in hot and dry regions of southern europe and the southern united states it is used as a foodstuff in both savoury and sweet dishes,pulses,beans,not specified
f00203,spinish,spinacia oleracea,not specified,spinach spinacia oleracea is an edible flowering plant in the family of amaranthaceae it is native to central and southwestern asia it is an annual plant which grows to a height of up to 30 cm spinach may survive over winter in temperate regions the leaves are alternate simple ovate to triangularbased very variable in size from about 230 cm long and 115 cm broad with larger leaves at the base of the plant and small leaves higher on the flowering stem the flowers are inconspicuous yellowgreen 34 mm diameter maturing into a small hard dry lumpy fruit cluster 510 mm across containing several seeds common spinach spinacia oleracea was long considered to be in the chenopodiaceae family but in 2003 the chenopodiaceae family was combined with the amaranthaceae family under the family name amaranthaceae in the order caryophyllales within the amaranthaceae family amaranthoideae and chenopodioideae are now subfamilies for the amaranths and the chenopods respectively,vegetables,leaf vegetables,not specified
f00204,chinese mustard,brassica juncea,mustard green,brassica juncea also known as mustard greens indian mustard chinese mustard and leaf mustard is a species of mustard plant subvarieties include southern giant curled mustard which resembles a headless cabbage such as kale but with a distinct horseradishmustard flavor it is also known as green mustard cabbage,vegetables,cabbages,not specified
f00205,soybean oil,glycine max,not specified,soybean oil is a vegetable oil extracted from the seeds of the soybean glycine max it is one of the most widely consumed cooking oils as a drying oil processed soybean oil is also used as a base for printing inks soy ink and oil paints,spices,oilseed crops,not specified
f00206,sorghum,sorghum bicolor,not specified,sorghum is a genus of numerous species of grasses one of which is raised for grain and many of which are used as fodder plants either cultivated or as part of pasture the plants are cultivated in warmer climates worldwide species are native to tropical and subtropical regions of all continents in addition to the southwest pacific and australasia sorghum is in the subfamily panicoideae and the tribe of andropogoneae,cereals and cereal products,cereals,not specified
f00207,chinese bayberry,myrica rubra,japanese bayberry,myrica rubra also called yangmei yamamomo chinese bayberry japanese bayberry red bayberry yumberry waxberry or chinese strawberry tree and often mistranslated from chinese as arbutus is a subtropical tree grown for its sweet crimson to dark purplered edible fruit,fruits,berries,not specified
f00208,chinese chives,allium tuberosum,garlic chives,chinese chives commonly known as garlic chives chinese chives oriental garlic chinese leek the plant has a distinctive growth habit with strapshaped leaves unlike either onion or garlic and straight thin whiteflowering stalks that are much taller than the leaves the flavor is more like garlic than chives it grows in slowly expanding perennial clumps but also readily sprouts from seed in warmer areas garlic chives may remain green all year round in cold climates aerial parts of garlic chives will die back completely to the ground and the rootsrhizomes will overwinter and then resprout in spring time,vegetables,onionfamily vegetables,the roots stems and leaves of leeks are all edible and ancient times believed to be the most beautiful vegetable food
f00209,common mushroom,agaricus bisporus,not specified,agaricus bisporusknown variously when white as common mushroom button mushroom white mushroom cultivated mushroom table mushroom champignon mushroom crimini mushroom when brown as swiss brown mushroom roman brown mushroom italian brown italian mushroom brown cap mushrooms chestnut mushroom and when mature as portobello mushroomis an edible basidiomycete mushroom native to grasslands in europe and north america agaricus bisporus is cultivated in more than 70 countries and is one of the most commonly and widely consumed mushrooms in the world,vegetables,mushrooms,not specified
f00210,lemon,citrus limon,citrus  limon,the lemon is a small evergreen tree native to asia and the trees ellipsoidal yellow fruit the fruit is used for culinary and nonculinary purposes throughout the world primarily for its juice though the pulp and rind are also used in cooking and baking the juice of the lemon is about 5 to 6 citric acid which gives lemons a sour taste the distinctive sour taste of lemon juice makes it a key ingredient in drinks and foods such as lemonade,fruits,citrus,not specified
f00211,common grape,vitis vinifera,common grape vine,vitis vinifera common grape vine is a species of vitis native to the mediterranean region central europe and southwestern asia from morocco and portugal north to southern germany and east to northern iran it is a liana growing to 35 yards tall with flaky bark the leaves are alternate palmately lobed 520 cm long and broad the fruit is a berry known as a grape in the wild species it is 6 mm diameter and ripens dark purple to blackish with a pale wax bloom in cultivated plants it is usually much larger up to 3 cm long and can be green red or purple black the species typically occurs in humid forests and streamsides the wild grape is often classified as v vinifera subsp sylvestris in some classifications considered vitis sylvestris with v vinifera subsp vinifera restricted to cultivated forms domesticated vines have hermaphrodite flowers but subsp sylvestris is dioecious and pollination is required for fruit to develop the grape is eaten fresh processed to make wine or dried to produce raisins cultivars of vitis vinifera form the basis of the majority of wines produced around the world all of the familiar wine varieties belong to vitis vinifera which is cultivated on every continent except for antarctica and in all the major wine regions of the world,fruits,berries,not specified
f00212,common buckwheat,fagopyrum esculentum,buckwheat,buckwheat fagopyrum esculentum is a plant cultivated for its grainlike seeds and also used as a cover crop despite the name buckwheat is not related to wheat as it is not a grass instead buckwheat is related to sorrel knotweed and rhubarb the cultivation of buckwheat grain declined sharply in the 20th century with the adoption of nitrogen fertilizer that increased the productivity of other staples a related species fagopyrum tataricum tartary buckwheat is also cultivated as a grain in the himalayas,cereals and cereal products,cereals,not specified
f00213,wild celery,apium graveolens,not specified,wild celery is a common name for several plants wild celery may refer to wild growing forms of celery apium graveolens angelica archangelica cultivated as a vegetable and medicinal plant lovage levisticum officinale sometimes known as wild celery vallisneria americana an aquatic plant in the hydrocharitaceae family,spices,spices,not specified
f00214,watermelon,citrullus lanatus,family cucurbitaceae,watermelon citrullus lanatus family cucurbitaceae is a vinelike scrambler and trailer flowering plant originally from southern africa its fruit which is also called watermelon is a special kind referred to by botanists as a pepo a berry which has a thick rind and fleshy center mesocarp and endocarp pepos are derived from an inferior ovary and are characteristic of the cucurbitaceae the watermelon fruit loosely considered a type of melon  although not in the genus cucumis  has a smooth exterior rind green yellow and sometimes white and a juicy sweet interior flesh usually deep red to pink but sometimes orange yellow and even green if not ripe,gourds,gourds,not specified
f00215,green onion,not specified,not specified,scallions also known as green onions spring onions chinese onions or salad onions are vegetables of various allium onion species scallions have a milder taste than most onions their close relatives include garlic shallot leekchiveand chinese onion,vegetables,onionfamily vegetables,not specified
f00216,hibiscus tea,hibiscus sabdariffa,not specified,hibiscus tea is the infusion made from the calyces sepals of the hibiscus sabdariffa flower an herbal tea drink consumed both hot and cold by people around the world it is also referred to as roselle another common name for the hibiscus flower flor de jamaica in latin america karkad in egypt and sudan chai kujarat in iraq bissap or wonjo in west africa sorrel in jamaica and trinidad and tobago red sorrel in the wider caribbean and other names in other regions hibiscus tea has a tart cranberrylike flavor and sugar is often added to sweeten the beverage the tea contains vitamin c and minerals and is used traditionally as a mild medicine hibiscus tea contains 1530 organic acids including citric acid maleic acid and tartaric acid it also contains acidic polysaccharides and flavonoid glycosides such as cyanidin and delphinidin that give it its characteristic deep red colour,teas,herbal teas,not specified
f00217,red tea,aspalathus linearis,not specified,rooibos tea is also known as red tea or red bush teait is made using leaves from a shrub called aspalathus linearis usually grown on the western coast of south africarooibos is a herbal tea and is not related to green or black tea,teas,teas,not specified
f00218,cashew nut,anacardium occidentale,roasted cashew cashew,the cashew or caju is a small tree native to brazil cashew nuts are the seeds of the cashew apple and are found in the grey bump at the end of the fruit the cashew apple itself is sweet soft and juicycashews are usually sold roasted and salted and eaten as a snack,nuts,nuts,not specified
f00219,asparagus,asparagus officinalis,not specified,asparagus officinalis is a spring vegetable a flowering perennial plant species in the genus asparagus it was once classified in the lily family like its allium cousins onions and garlic but the liliaceae have been split and the onionlike plants are now in the family amaryllidaceae and asparagus in the asparagaceae asparagus officinalis is native to most of europe northern africa and western asia and is widely cultivated as a vegetable crop,vegetables,shoot vegetables,not specified
f00220,chinese cabbage,brassica rapa,napa cabbage bok choi,chinese cabbage brassica rapa subspecies pekinensis and chinensis can refer to two distinct varieties of chinese leaf vegetables often used in chinese cuisine pekinensis napa cabbage and chinensis bok choi these vegetables are both variant cultivars or subspecies of the turnip and belong to the same genus as such western staples as cabbage broccoli and cauliflower both have many variations in name spelling and scientific classificationespecially the bok choy b rapa chinensis variety,vegetables,cabbages,not specified
f00221,pigeon pea,cajanus cajan,not specified,the pigeon pea cajanus cajan is a perennial legume from the family fabaceae since its domestication in india at least 3500 years ago its seeds have become a common food grain in asia africa and latin america it is consumed on a large scale mainly in south asia and is a major source of protein for the population of that subcontinent pigeon peas are both a food crop dried peas flour or green vegetable peas and a foragecover crop in combination with cereals pigeon peas make a wellbalanced human food the dried peas may be sprouted briefly then cooked for a flavor different from the green or dried peas sprouting also enhances the digestibility of dried pigeon peas via the reduction of indigestible sugars that would otherwise remain in the cooked dried peas pigeon peas contain high levels of protein and the important amino acids methionine lysine and tryptophan,pulses,peas,not specified
f00222,capers,capparis spinosa,not specified,capparis spinosa the caper bush also called flinders rose is a perennial winterdeciduous plant that bears rounded fleshy leaves and large white to pinkishwhite flowers the plant is best known for the edible flower buds capers often used as a seasoning and the fruit caper berry both of which are usually consumed pickled other species of capparis are also picked along with c spinosa for their buds or fruits other parts of capparis plants are used in the manufacture of medicines and cosmetics,spices,spices,the young buds leaves and flower buds of capparis spinosa are washed and soaked in vinegar they can be fried and used as condiments meat eggs etc or used as sour salad and salad with sauce sugar etc pickled chinese cabbage is commonly used in europe
f00223,endive,cichorium endivia,not specified,endive cichorium endivia is a leaf vegetable belonging to the daisy family endive can be cooked or used raw in salads endive is rich in many vitamins and minerals especially in folate and vitamins a and k and is high in fiber,vegetables,leaf vegetables,not specified
f00224,cucumber,cucumis sativus,not specified,cucumber cucumis sativus is a widely cultivated plant in the gourd family cucurbitaceae it is a creeping vine that bears cylindrical fruits that are used as culinary vegetables there are three main varieties of cucumber slicing pickling and burpless within these varieties several different cultivars have emerged the cucumber is originally from southern asia but now grows on most continents many different varieties are traded on the global market,gourds,gourds,not specified
f00225,quince,cydonia oblonga,wen po,the quince cydonia oblonga is the sole member of the genus cydonia in the family rosaceae which also contains apples and pears among other fruits it is a small deciduous tree that bears a pome fruit similar in appearance to a pear and bright goldenyellow when mature throughout history the cooked fruit has been used as food but the tree is also grown for its attractive pale pink blossom and other ornamental qualities,fruits,pomes,not specified
f00226,globe artichoke,cynara scolymus,cynara cardunculus var scolymus,the globe artichoke cynara cardunculus var scolymus is a cultivated variety of a species of thistle it is cultivated as a food the edible matter is buds that form within the flower heads before the flowers come into bloom the buds go away or change to a coarse barely edible form when the flower blooms the uncultivated or wild variety of the species is called a cardoon it is a perennial plant native to the mediterranean region,vegetables,shoot vegetables,not specified
f00227,cardamom,elettaria cardamomum,not specified,cardamom or cardamon refers to several plants of the similar genera elettaria and amomum in the ginger family zingiberaceae both genera are native to india nepal and bhutan they are recognised by their small seed pods triangular in crosssection and spindleshaped with a thin papery outer shell and small black seeds today guatemala is the biggest producer and exporter of cardamom in the world followed by india some other countries such as sri lanka have also begun to cultivate it elettaria pods are light green while amomum pods are larger and dark brown it is the worlds third most expensive spice by weight outstripped in market value only by saffron and vanilla,spices,spices,not specified
f00228,loquat,eriobotrya japonica,japanese medlar japanese plum chinese plum,the loquat eriobotrya japonica is a species of flowering plant in the family rosaceae native to southcentral china it is a large evergreen shrub or small tree grown commercially for its yellow fruit and also cultivated as an ornamental plant eriobotrya japonica was formerly thought to be closely related to the genus mespilus and is still sometimes known as the japanese medlar it is also known as japanese plum and chinese plum,fruits,tropical fruits,not specified
f00229,swamp cabbage,ipomoea aquatica,not specified,ipomoea aquatica is a semiaquatic tropical plant grown as a vegetable for its tender shoots and leaves it is found throughout the tropical and subtropical regions of the world although it is not known where it originated this plant is known in english as water spinach river spinach water morning glory water convolvulus or by the more ambiguous names chinese spinach chinese convolvulus swamp cabbage or kangkong in southeast asia occasionally it has also been mistakenly called kale in english although kale is a strain of mustard belonging to the species brassica oleracea and is completely unrelated to water spinach which is a species of morning glory,vegetables,leaf vegetables,according to the compendium of materia medica ipomoea aquatica can be used as medicine it has a sweet taste a mild nature and is nontoxic it can be used to treat difficult childbirth by pounding juice and drinking alcohol it can also detoxify hu mancao arsenic poisonous mushroom dog meat cassava venomous snake and insect bites nitrite and unknown swelling water spinach is fed with tender shoots and leaves with high nutritional value it is light refreshing smooth and does not compete with taste no matter what dish is cooked together it does not lose its original flavor
f00230,apple,malus pumila,paradise apple,the apple is the pomaceous fruit of the apple tree species malus domestica in the rose family it is one of the most widely cultivated tree fruits and the most widely known of the many members of genus malus that are used by humans,fruits,pomes,apples are nutritious fruits and are known as the king of fruits according to traditional western dietary beliefs one apple a day does not require a doctors attention many americans even consider apples as a musthave for weight loss and slimming down
f00231,nutmeg,myristica fragrans,mace,the nutmeg tree is any of several species of trees in genus myristica the most important commercial species is myristica fragrans an evergreen tree indigenous to the banda islands in the moluccas or spice islands of indonesia the nutmeg tree is important for two spices derived from the fruit nutmeg and mace,spices,spices,the mature fruit of nutmeg is peeled off and the false seed skin is peeled off after drying it becomes nutmeg and nutmeg coat which can be used as seasoning industrial oil raw materials etc
f00232,sweet basil,ocimum basilicum,thai basil sweet basil african blue,basil thai basil or sweet basil is a common name for the culinary herb ocimum basilicum of the family lamiaceae mints basil is originally native to india having been cultivated there for more than 5000 years but was thoroughly familiar to theophrastus and dioscorides,spices,spices,the stems leaves and flower spikes of basil contain aromatic oil which is mainly used as flavoring materials it can be used to make cosmetics soaps and edible essence and also used as a taste modifier in toothpaste and mouthwash the tender leaves are edible and can also be brewed into tea for drinking
f00233,sweet marjoram,origanum majorana,majorana hortensis moench majorana majorana,marjoram origanum majorana syn majorana hortensis moench majorana majorana l h karst is a somewhat coldsensitive perennial herb or undershrub with sweet pine and citrus flavors,spices,spices,marjoram is indigenous to cyprus and southern turkey and was known to the greeks and romans as a symbol of happiness marjoram is used for seasoning soups stews dressings and sauce
f00234,passion fruit,passiflora edulis,not specified,passiflora edulis is a vine species of passion flower that is native to brazil paraguay and northern argentina the passion fruit is round to oval either yellow or dark purple at maturity with a soft to firm juicy interior filled with numerous seeds the fruit is both eaten and juiced passion fruit juice is often added to other fruit juices to enhance the aroma,fruits,tropical fruits,not specified
f00235,date,phoenix dactylifera,date palm,phoenix dactylifera date or date palm  is a palm in the genus phoenix cultivated for its edible sweet fruit the fruit is known as a date dry or soft dates are eaten outofhand or may be pitted and stuffed with fillings such as almonds walnuts pecans candied orange and lemon peel tahini marzipan or cream cheese,fruits,other fruits,not specified
f00236,red raspberry,rubus idaeus,not specified,rubus idaeus raspberry also called red raspberry or occasionally as european raspberry to distinguish it from other raspberries is a redfruited species of rubus native to europe and northern asia and commonly cultivated in other temperate regions the fruit is red edible and sweet but tartflavoured produced in summer or early autumn in botanical terminology it is not a berry at all but an aggregate fruit of numerous drupelets around a central core,fruits,berries,not specified
f00237,peach,prunus persica,amygdalus persica,the peach prunus persica is a deciduous tree native to northwest china in the region between the tarim basin and the north slopes of the kunlun shan mountains where it was first domesticated and cultivated it bears an edible juicy fruit also called a peach the species name persica refers to its widespread cultivation in persia whence it was transplanted to europe it belongs to the genus prunus which includes the cherry and plum in the family rosaceae the peach is classified with the almond in the subgenus amygdalus distinguished from the other subgenera by the corrugated seed shell,fruits,drupes,the peaches here represent prunus persica flush
f00238,black plum,syzygium cumini,eugenia cumini,the black plum is oval and about 1 to 2 centimeters in length it is dark purple to black in color fleshy and oneseeded with a tart sweetastringent taste,fruits,berries,not specified
f00239,lantern fruit,physalis alkekengi,bladder cherry chinese lanternjapaneselanternstrawberry groundcherry winter cherry,physalis alkekengi bladder cherry chinese lanternjapaneselanternstrawberry groundcherryor winter cherry is a relative of p peruvianait is easily identifiable by the large bright orange to red papery covering over its fruit which resembles paper lanterns it grows naturally in the regions covering southern europe to south asia and northeast asia,fruits,berries,not specified
f00240,japanese pumpkin,cucurbita maxima,not specified,kabocha danhobak or fak thong is an asian variety of winter squash of the species cucurbita maxima the word kabocha has come to mean a general type of winter squash to many englishspeaking growers and buyers in some cultures it is revered as an aphrodisiac kabocha is commonly called japanese pumpkin especially in australia and new zealand it is also called kabocha squash in north america in japan the word kabocha may refer to either this squash or to the westernstyle pumpkin,gourds,gourds,not specified
f00241,calabash,lagenaria siceraria,bottle gourd,lagenaria siceraria synonym lagenaria vulgaris ser  bottle gourd opo squash or long melon is a vine grown for its fruit which can either be harvested young and used as a vegetable or harvested mature dried and used as a bottle utensil or pipe for this reason the calabash is widely known as the bottle gourd the fresh fruit has a light green smooth skin and a white flesh,gourds,gourds,not specified
f00242,coriander,coriandrum sativum,not specified,coriander coriandrum sativum also known as cilantro chinese parsley or dhania is an annual herb in the family apiaceae coriander is native to regions spanning from southern europe and north africa to southwestern asia,spices,spices,nowadays coriander is widely used worldwide especially in indian and thai cuisine and is one of the most commonly used and important herbs
f00243,coix chinensis,coix lacrymajobi var mayuen romanet du caillaud stapf,coix seed jobs tear,coix seed have a long history of cultivation in china and are one of the ancient medicinal and edible grains in china,cereals and cereal products,cereals,coix seed have high nutritional value containing protein fat multiple vitamins and trace elements and are known as the king of the worlds poaceae plants in japan jobs tears are also listed as a cancer prevention food
f00244,coconut,cocos nucifera,not specified,the coconut tree cocos nucifera is a member of the family arecaceae palm family it is the only accepted species in the genus cocos the term coconut can refer to the entire coconut palm the seed or the fruit which botanically is a drupe not a nut,fruits,tropical fruits,not specified
f00245,coconut oil,not specified,not specified,coconut oil or copra oil is an edible oil extracted from the kernel or meat of mature coconuts harvested from the coconut palm cocos nucifera it has various applications because of its high saturated fat content it is slow to oxidize and thus resistant to rancidification lasting up to six months at 24 c 75 f without spoiling,spices,oilseed crops,not specified
f00246,coconut milk,not specified,not specified,coconut milk is an opaque milkywhite liquid extracted from the grated pulp of mature coconutsthe opacity and rich taste of coconut milk is due to its high oil content most of which is saturated fat,milk and milk products,other milk products,not specified
f00247,tricholoma matsutake,tricholoma matsutake s ito  s imai singer,not specified,tricholoma matsutake s itos imai singer is a fungus belonging to the tricholoma family subentities are scattered or clustered,vegetables,mushrooms,tricholoma matsutake is a precious wild edible mushroom which is considered a treasure among mushrooms in asia with high nutritional value and special medicinal effects it has the effects of strengthening the body promoting digestion relieving pain regulating qi and resolving phlegm and expelling insects
f00248,water spinach,ipomoea aquatica,not specified,ipomoea aquatica is a semiaquatic tropical plant grown as a vegetable for its tender shoots and it is not known where it originated this plant is known in english as water spinach river spinach water morning glory water convolvulus or by the more ambiguous names chinese spinach chinese watercress chinese convolvulus swamp cabbage or kangkong in southeast asia,vegetables,leaf vegetables,according to the compendium of materia medica water spinach can be used as medicine it has a sweet taste a mild nature and is nontoxic it can be used to treat difficult childbirth by pounding juice and drinking alcohol it can also detoxify hu mancao arsenic poisonous mushroom dog meat cassava venomous snake and insect bites nitrite and unknown swelling water spinach is fed with tender shoots and leaves with high nutritional value it is light refreshing smooth and does not compete with taste no matter what dish is cooked together it does not lose its original flavor
f00249,chinese persimmon,diospyros kaki,kaki persimmon japanese persimmon,diospyros kaki better known as the japanese persimmon kaki persimmon kaki or asian persimmon in north america is the most widely cultivated species of the diospyros genus,fruits,tropical fruits,chinese persimmon is a traditional chinese medicinal material that combines medicine and food persimmons can clear heat and detoxify moisten the lungs and cough reduce swelling soften and firm invigorate the spleen and qi nourish the stomach and middle astringent the intestines and stop bleeding
f00250,chinese green onion,bulbus allii fistulosi,allium bulb wild scallion chinese green onion,bulbus allii fistulosi are often consumed as a common spice seasoning or vegetable bulbus allii fistulosi play an important role in cooking and are often consumed as a common spice seasoning or vegetable in east asian countries and various chinese speaking regions,vegetables,onionfamily vegetables,chinese green onion also a traditional chinese medicine name the bulb near the root of the lily family plant onion it has the effect of sweating relieving external heat and promoting the circulation of yang qi
f00251,kiwi,actinidia chinensis,not specified,the kiwifruit often shortened to kiwi in many parts of the world is the edible berry of a woody vine in the genus actinidia the most common cultivar group of kiwifruit hayward is oval about the size of a large hens egg,fruits,tropical fruits,not specified
f00252,rice wine,not specified,chinese rice wine mijiu,rice wine also known as wine brewing or sweet wine made from glutinous rice it is a traditional specialty liquor of the han ethnic group,beverages,fermented beverages,not specified
f00253,leaf of chinese holly,ilex kudingcha tseng,kuding tea,kuding tea a traditional chinese medicine name it is an evergreen tree of the ilex family genus ilex and genus kudingcha it is a traditional pure natural health drink in china,beverages,teas,leaf of chinese holly belongs to the list of traditional chinese medicines that can be used as health food published by the chinese health commission
f00254,mushroom,agaricus campestris,not specified,mushroom scientific name agaricus campestris is a fungus belonging to the family agaricus and genus agaricus also known as white mushrooms or foreign mushrooms it belongs to the subphylum agaricus of the order agaricules and is a widely cultivated highyield and high consumption edible mushroom variety in the world,vegetables,mushrooms,not specified
f00255,asian pear,pyrus pyrifolia,asian pear chinese pear korean pear japanese pear taiwan pear,pyrus pyrifolia is a pear tree species native to china japan and korea the trees edible fruit is known by many names including asian pear chinese pear korean pear japanese pear taiwan pear and sand pear along with cultivars of p  bretschneideri and p ussuriensis the fruit is also called the nashi pear,fruits,pomes,not specified
f00256,persian lime,citrus latifolia,tahiti lime bearss lime citrus x latifolia,persian lime citrus latifolia or shiraz limoo also known as tahiti lime or bearss lime named after john t bearss who developed this seedless variety about 1895 in his nursery at porterville california is a citrus fruit related to the standard lime,fruits,citrus,not specified
f00257,breadfruit,artocarpus altilis,not specified,breadfruit artocarpus altilis is a species of flowering tree in the mulberry family moraceae growing throughout southeast asia and most pacific ocean islands its name is derived from the texture of the cooked fruit which has a potatolike flavor similar to freshbaked bread,fruits,tropical fruits,not specified
f00258,european plum,prunus domestica,prunus  domestica,prunus domestica sometimes referred to as prunus  domestica is a species of flowering plant in the family rosaceae a deciduous tree it includes many varieties of the fruit trees known as plums in english though not all plums belong to this species,fruits,drupes,not specified
f00259,zucchini,cucurbita pepo linn,not specified,cucurbita pepo l is an annual vine herbaceous plant in the family cucurbitaceae and genus cucurbitaceae distributed all over the world zucchini contains a large amount of nutrients such as vitamin c and glucose which have the effects of relieving restlessness and thirst moistening the lungs and relieving cough clearing heat and diuresis and dispersing swelling and nodules fruit is used as a vegetable,gourds,gourds,not specified
f00260,beetroot,beta vulgaris,sugarbeet,beta vulgaris l is a biennial or perennial herbaceous plant in the family chenopodiaceae and genus beet the roots of beets contain a large amount of beet red which gives them a unique color the sugar content is high and it is rich in vitamin a and a large amount of potassium due to its unique color it is often used in ingredients or as a food coloring,vegetables,root vegetables,beet has a cool nature a sweet and bitter taste and functions to clear heat and detoxify promote blood stasis and stop bleeding
f00261,lichee,litchi chinensis,lychee,the lychee litchi chinensis is the sole member of the genus litchi in the soapberry family sapindaceae it is a tropical and subtropical fruit tree native to the guangdong and fujian provinces of china and now cultivated in many parts of the world,fruits,tropical fruits,pharmacological studies have shown that lychee seeds have effects such as lowering blood sugar lowering blood lipids antiviral and anti liver damage but lychees are mainly used as fruits
f00262,duck blood,not specified,ya xue,duck blood is the blood of domestic ducks animal blood has a high iron content and exists in the form of heme iron which is easily absorbed and utilized by the human body,animal foods,poultry,not specified
f00263,yellow rice wine,not specified,glutinous rice wine huang jiu,yellow rice wine is a fermented liquor made mainly from rice millet millet corn wheat water and other raw materials using enzymes yeast and other saccharification and fermentation agents,beverages,fermented beverages,not specified
f00264,black sesame,semen sesami nigrum,not specified,sesame is a flowering plant in the genus sesamum numerous wild relatives occur in africa and a smaller number in india it is widely naturalized in tropical regions around the world and is cultivated for its edible seeds which grow in pods,spices,oilseed crops,not specified
f00265,sorghum,sorghum vulgare,sorghum bicolor,sorghum is a genus of numerous species of grasses one of which is raised for grain and many of which are used as fodder plants either cultivated or as part of pasture the plants are cultivated in warmer climates worldwide species are native to tropical and subtropical regions of all continents in addition to the southwest pacific and australasia sorghum is in the subfamily panicoideae and the tribe of andropogoneae,cereals and cereal products,cereals,not specified
f00266,sugarcane,saccharum officinarum l,not specified,sugarcane is a temperate and tropical crop that is used as a raw material for producing sucrose and can be refined into ethanol as an energy substitute more than 100 countries around the world produce sugarcane with the largest sugarcane producing countries being brazil india and china sugarcane contains abundant sugar and water as well as various vitamins fats proteins organic acids calcium iron and other substances that are very beneficial to human metabolism,fruits,other fruits,not specified
f00267,semen sojae preparatum,glycine max,prepared soja prepared soybean,douchi chinese  pinyin duch or tochi also known as fermented black soybeans chinese fermented black beans chinese  pinyin hidu duch jyutping haak1dau2 dau6si6 salted black beans salty black beans or just black beans is a type of fermented and salted black soybean most popular in the cuisine of china where they are most widely used for making black bean sauce dishes,soy,soy products,not specified
f00268,kumquat,fortunella margarita,oval kumquat equivalent plant fortunella crassifolia  fortunella japonica,kumquat with licorice as seasoning can be made into cold fruit kumquat fruit is rich in vitamin c kumquin and other components to maintain cardiovascular function prevent vascular sclerosis hypertension and other diseases have a certain role,fruits,citrus,not specified
f00269,wasabi,wasabia japonica,not specified,wasabi is a plant of the brassicaceae family which includes cabbages horseradish and mustard  it is also called japanese horseradish although horseradish is a different plant which is generally used as a substitute for wasabi due to the scarcity of the wasabi plant  its stem is used as a condiment and has an extremely strong pungency more akin to hot mustard than the capsaicin in a chili pepper producing vapours that stimulate the nasal passages more than the tongue,spices,spices,not specified
f00270,purple mangosteen,garcinia mangostana,not specified,the purple mangosteen garcinia mangostana colloquially known simply as mangosteen is a tropical evergreen tree believed to have originated in the sunda islands and the moluccas of indonesia it grows mainly in southeast asia and also in tropical south american countries such as colombia in the state of kerala in india and in puerto rico where the tree has been introduced,fruits,tropical fruits,not specified
