fhdi_herb_id,herb_latin_name,herb_english_name,herb_pinyin_name,herb_chinese_name,properties,function ,indication,therapeutic_class
h00001,acacia nilotica,gumarabic tree,a la bo jiao jin he huan,,not specified,not specified,not specified,not specified
h00002,acacia arabica,arabian acacia,a la bo jin he huan,,not specified,not specified,not specified,not specified
h00004,ferula assafoetida,asafetida giantfennel resin,a wei,,warm pungent bitter,to transform concretion and disperse accumulation kill worms interrupt malaria,concretion and conglomeration lump glomus worm accumulation meattype food accumulation cold pain in heart and abdomen malaria dysentery,food digestion
h00005,ardisiae japonicae,japanese ardisia herb,ai di cha,,mild pungent bitter,1 to eliminate phlegm and relieving cough2 to promote diuresis to deprive dampness 3 to activate blood circulation and stop bleeding,1 bergenin an active comonent is an expectorant 2 its volatile oil or flavone can relieve bronchospasm induced by histamine in vitro 3 its decoction inhibits the growth of pneumococcus staphylococcus aureus and influenza virus in vitro,antitussive antiasthmetics
h00006,ephedra minuta,small ephedra,ai ma huang,,not specified,see ephedra sinica,see ephedra sinica,not specified
h00007,folium artemisiae argyi,leaf of argy wormwood,ai ye,,warm pungent bitter,1 to warm the channels and stop bleeding 2 to dispel cold and stop pain,cold pain in abdomen menstrual disorder due to cold infertility due to uterus cold blood ejection spontaneous external bleeding flooding and spotting fetal spotting itchy skin,channelwarming hemostatic
h00008,phyllanthus emblica,emblic leafflower,an mo le,,not specified,to relieve cough and transform phlegm engender liquid and allay thirst resolve toxin,common cold with fever cough throat pain diphtheria enteritis diarrhea eczema heat vexation and thirst,not specified
h00009,benzoinum,benzoin,an xi xiang,,mild pungent bitter,to restore consciousness to activate the flow of qi and blood to relieve pain,sudden stroke and fulminant reversal pain in heart and abdomen postpartum blood dizziness child fright epilepsy wind impediment and lumbago,resuscitative stimulant resuscitative medicinal
h00010,eucalyptus globulus,eucalyptus oil,an you,,not specified,skin irritant used in nerval pain,skin irritant used in nerval pain,not specified
h00011,magnolia biloba,twolobed officinal mangolia,ao ye hou po,,not specified,see magnolia officinalis ,see magnolia officinalis,not specified
h00012,croton tiglium l,fructus crotonis,ba dou,,hot pungent,1 to drain accumulated cold downward 2 to transform water and reduce edema 3 to resolve phlegm and benefit throat,distention fullness and sudden pain in chest and a bdomen fecal stoppage diarrhea and dysentery edema and enlarged abdomen phlegmrheum asthma fullness throat wind throat impediment concretion and conglomeration welling abscess and flat abscess malign sore and scab lichen,offensive purgative medicinal
h00013,radix morindae officinalis,root of morinda officinalis,ba ji,,minor warm pungent sweet,1 treatment of deficient kidney yang manifested as soreness and weakness in the lower back and knees impotence premature ejaculation infertility frigidity irregular menstruation and cold sensation and pain in the lower abdomen a morinda root bajitian is used with ginseng renshen cistanche roucongrong and dadder seed tusizi for impotence premature ejaculation and infertility b morinda root bajitian is used with teasel root xuduan and eucommia bark duzhong for soreness and weakness in lower back and knees c morinda root bajitian is used with cinnamon bark rougui galangal rhizome gaoliangjiang and evodia fruit wuzhuyu for irregular menstruation 2 morinda root bajitian is used with teasel root xuduan mulberry mistletoe sangjisheng and hypoglauca yam bixie for cold sensation and pain in the lumbar region and knees or motor impairment,treatment of impotence seminal emission infertility menstrual disorders pain and cold feeling in the lower abdomen rheumatic arthralgia limpness of the legs,for tonifying weakness
h00014,not specified,morindae officilis radix,ba ji tian,,not specified,not specified,neurasthenia impotence and emission cold pain in abdomen urinary incontinence vacuity cold of uterus windcolddamp impediment aching in lumbus and knees,yang reinforcing drugs
h00015,fructus anisi stellati,chinese star anise,ba jiao hui xiang,,warm pungent,to dispel cold to regulate the flow of qi and to relieve pain,treatment of abdominal colic lumbago due to deficiency of the kidney vomiting and eqigastric pain due to cold of the stomach,warming interior drugs
h00016,dysosma versipellis,dysosmae verspiellis rhixoma et radix,ba jiao lian,,not specified,not specified,not specified,antipyretic detoxicate drugs
h00017,ilex paraguariensis,paraguay tea,ba la gui cha,,not specified,to clear heat and resolve toxin eliminate inflammation suppress cough and dispel phlegm promote contraction disinhibit urine free stool induce sweat5509,rheumatis scurvy heart disease stomach disease diabetes5509,not specified
h00018,paullinia cupana,guarana,ba xi xiang wu huan zi,,not specified,not specified,not specified,not specified
h00019,galium aparine,catchweed bedstraw,ba xian cao,,not specified,to clear damp heat dissipate stasis disperse swelling resolve toxin,stranguryturbidity hematuria knocks and falls intestinal welling abscess swollen boil otitis media,not specified
h00020,semen lablab album,white hyacinth bean,bai bian dou,,minor warm sweet,to invigorate the spleen and remove damp paticularly the summer dampsemen lablab album stirfried to invigorate the spleen and remove damp,treatment of weakness of the spleen and stomach with loss of appetite and loose bowels excessive leukorrhea vomiting diarrhea distress in the chest and distension in the abdomen caused by summerdampsemen lablab album stirfried diarrhea and excess,qi reinforcing drugs
h00021,acorus calamus,drug sweetflag,bai chang,,not specified,to transform phlegm and open orifices dispel damp and fortify stomach kill worms and relieve itch,stupor due to phlegm reversal wind stroke epilepsy fright palpitation and amnesia tinnitus and deafness food accumulation abdominal pain diarrhea and dysentery winddamp pain eczema scab sore,not specified
h00022,nitraria tangutorum,nitraria,bai ci,,not specified,to fortify spleen and assisting movement promote lactation quiet spirit,reduced food intake due to spleen vacuity indigestion scant breast milk neurasthenia,not specified
h00023,sophora viciifolia,vetchleaf sophora,bai ci hua,,not specified,to clear heat and disinhibit throat cool blood and disperse swelling,swelling pain in throat cough hepatitis dysentery strangury syndrome edema hematuria nosebleedepistaxis hematochezia,not specified
h00024,rhizoma typhonii,rhizome of giant typhonium,bai fu zi,,warm pungent sweet,to dispel windphlegm to check convulsions and to counteract toxicity promote subsidence of modulation and relieve pain,treatment of stroke with gurgling in the throat deviation of the eye and the mouth and impairment of speech upward invasion of phlegm causing headache accompanied with dizziness heaviness of the body restlessness fidgetness nausea and cold extremit,phlegresolving medicine
h00025,semen ginkgo,ginkgo seed,bai guo,,mild sweet bitter punkery,1 to strengthen lung qi and soothe asthma 2 to relieve leukorrhea,ad syndrome primary degenerative dementia of alzheimer disease multiinfarct dementia improving cognitive function in elderly dementia patients stable intermittent claudication cerebrovascular insufficiency diseases cough with profuse phlegm vaginal discharge enuresis and frequent urination,antitussive antiasthmetics
h00026,lithospermum officinale,common gromwell,bai guo zi cao,,not specified,to resolve toxin and disperse swelling,arthritis,not specified
h00027,bulbus lilii,bulb of greenish lily,bai he,,minor cold sweet,to nourish yin and moisten the lung and to tranquilize the mind,yin vacuity enduring cough phlegm containing blood fright palpitation and vacuity vexation insomnia and frequent dreaming trance,yintonifying medicinal
h00028,cleome gynandra l,semen cleomis,bai hua cai zi,,not specified,not specified,windcold sinew and bone numbness aching pain in back and shoulder lumbago swelling pain due to external injury bone tuberculosis hemorrhoids and fistulas,winddampnessdispelling and colddispersing medicinal
h00029,plumbago zeylanica,whiteflower leadword,bai hua dan,,not specified,to dispel wind and eliminate damp move qi and quicken blood resolve toxin and disperse swelling,winddamp impediment pain liver spleen enlargement amenorrhea due to blood stasis sprain from knocks and falls swollen welling abscess and scrofula scab and lichen with itching poisonous snake bite,not specified
h00030,salvia miltiorrhiza f alba,whiteflower danshen,bai hua dan shen,,not specified,see salvia miltiorrhiza ,see salvia miltiorrhiza,not specified
h00031,not specified,radix salviae przewalskii albae,bai hua gan xi shu wei cao,,not specified,not specified,not specified,not specified
h00032,peucedanum praeruptorum,whiteflower hogfennel,bai hua qian hu,,not specified,see angelica decursiva ,see angelica decursiva,not specified
h00033,herba hedyotis diffusae,all  grass of spreading hedyotis,bai hua she she cao,,cold sweet slightly bitter,1 to eliminate heat and toxic material promote blood circulation and remove blood stasis 2 to clear dampnessheat,lung heat cough asthma swelling pain in throat intestinal welling abscess swelling of sores and boils poisonous snake bite heat strangury with inhibited pain edema dysentery enteritis dampheat jaundice carcinoma,antipyretic detoxicate drugs
h00034,not specified,not specified,bai hua shui fei ji,,not specified,not specified,not specified,not specified
h00035,patrinia villosa,whiteflower patrinia equivalent plant patrinia scabiosaefolia,bai jiang,,not specified,to clear heat and resolve toxin expel pus and break stasis,intestinal welling abscess dysentery red and white vaginal discharge postpartum blood stasis abdominal pain red eyes with gall swollen welling abscess scab and lichen,not specified
h00036,herba patriniae,all  grass of dahurian patrinia,bai jiang cao,,minor cold pungent bitter,1 to eliminate heat and toxic material relieve abscess and promote pus drainage 2 to remove blood stasis and alleviate pain,1 two active components patrinene and isopatrinene possess sedative effect 2 to promote regeneration of hepatic cells and portal circulation protect hepatic cells from degernation and improve hepatic function,antipyretic detoxicate drugs
h00037,not specified,chrysanthemum morifoliumramat,bai ju hua gen,,not specified,not specified,not specified,not specified
h00038,veratrum album,white falsehellebore,bai li lu,,not specified,not specified,not specified,not specified
h00039,thymus serpyllum,breckland thyme,bai li xiang,,not specified,not specified,not specified,not specified
h00040,radix ampelopsis,root of japanese ampelopsis,bai lian,,minor cold pungent bitter,to remove toxic heat to cure carbuncles and to reduce nodules,swelling toxin of sore and welling abscess burns and scalds scrofula damp sore warm malaria frightepilepsy blood dysentery intestinal wind hemorrhoids and fistulas leukorrhea knocks and falls bleeding due to external injury,antipyretic detoxicate drugs
h00041,not specified,fructus ampelopsis japponicae,bai lian zi,,not specified,not specified,not specified,not specified
h00042,herba serissae,all  grass of snow of june,bai ma gu,,cool pungent bitter,not specified,not specified,not specified
h00043,imperata cylindrica var major,lalang grass rhizome,bai mao gen1,,not specified,to cool blood and stanch bleeding clear heat and engender liquid disinhibit urine and free strangury,acute nephritis with edema acute glomerulonephritis chronic glomerulonephritis acute hepatitis blood ejection due to blood heat spontaneous external bleeding hematuria febrile diseases with vexation and thirst jaundice edema heat strangury with inhibited pain measles papules,not specified
h00044,hydrastis canadensis,goldenseal,bai mao gen4,,not specified,not specified,not specified,not specified
h00045,not specified,herba solani lyrati,bai mao teng,,not specified,not specified,malaria jaundice edema strangury pain in joints due to rheumatalgia erysipelas clove sore,antipyretic detoxicate drugs
h00046,herha ajugae ciliatae,all  grass of decumbent bugle,bai mao xia ku cao,,not specified,1 to clear lungheat eliminate phlegm and relieve cough 2 to clear away heat and toxic material and relieve carbuncle  3 clear away heat to cool the blood 4 lower blood pressure,swelling pain in throat lung heat cough pulmonary welling abscess red eyes with gall dysentery swollen welling abscess and clove sores poisonous snake bite knocks and falls,antipyretic detoxicate drugs
h00047,prunus mume,japanese apricot flower,bai mei hua,,not specified,to soothe liver harmonize stomach and transform phlegm,globus hystericus liver stomach qi pain inappetence dizziness scrofula,not specified
h00048,aquilaria sinensis,chinese eaglewood,bai mu xiang,,not specified,see aquilaria agallocha,see aquilaria agallocha ,not specified
h00049,not specified,chelidonii herba,bai qu cai,,not specified,not specified,pain in sensory nerve endings pain from ulcer in digestive tract stomachache abdominal pain enteritis dysentery chronic bronchitis pertussis cough jaundice edema ascites scab and lichen with swelling of sores snake or insect bites,antitussive antiasthmetics
h00050,thesium chinense,chinese bastardtoadflax,bai rui cao,,not specified,to clear heat disinhibit damp resolve toxin,windheat common cold summerheat stroke pulmonary welling abscess nipple moth scrofula mammary welling abscess swollen boil strangury syndrome jaundice lumbago emission,not specified
h00051,radix paeoniae alba,white peony root,bai shao,,minor cold sour bitter,1 to nourish blood and consolidate the yin 2 to pacify the liver and stop pain 3 to soothe liver yang,headache and dizziness pain in ribside abdominal pain spasm in limbs anemia with yellow complexion menstrual disorder profuse menstruation spontaneous sweating night sweating,bloodtonifying medicinal
h00052,radix pulsatillae,root of chinese pulsatilla,bai tou weng,,cold bitter,1 to clear heat and release toxins 2 to cool the blood and stop dysentery,amebic dysentery nosebleed flooding and spotting bleeding from hemorrhoids coldheat warm malaria vaginal discharge pudendal itch eczema scrofula welling abscess painful red eyes neurodermatitis,antipyretic detoxicate drugs
h00053,not specified,dictamni cortex,bai xian pi,,not specified,not specified,1 inhibiting the growth of pathogenic fungi 2 its infusion lowers vaccineinduced fever in rabbits 3 dictamnine one of its active components increase the myocardial tone of frogs,heatclearing and dampnessdrying medicinal
h00055,not specified,radix stephaniae cepharanthae,bai yao zi,,not specified,not specified,septicemia acute hepatitis bacillary dysentery parotitis neurodermatitis swelling pain in throat heat toxin swollen welling abscess winddamp impediment pain abdominal pain and diarrhea blood ejection bleeding spontaneous external bleeding bleeding due to external injury,antipyretic detoxicate drugs
h00056,not specified,rubus innominatus s moore var kuntzeanus hemsl,bai ye mei,,not specified,not specified,not specified,not specified
h00057,radix angelicae dahuricae,dahurian angelica root,bai zhi,,warm pungent,to dispel wind to remove damp to clear the stuffed nose to relieve pain and to promote the subsidence ofswelling and drainage of pus,windcold common cold nasal congestion headache especially in forehead and superciliary region toothache infections acute mastitis sores excessive leukorrhea stomachache,pungentwarm exteriorreleasing medicinal
h00058,semen biotae,seed of chinese arborvitae,bai zi ren,,mild sweet,to calm the nerves to check excessive perspiration and to relax the bowels,fright palpitation and fearful throbbing sleepless and amnesia night sweating intestinal dry and constipation,tranguilizing medicinal
h00059,herba lobeliae chinensis,chinese lobelia herb,ban bian lian,,not specified,to cause diuresis and to remove toxic heat,edema edema and enlarged abdomen edema in face and foot swollen welling abscess and clove sores snake or insect bites,antipyretic detoxicate drugs
h00060,radix isatidis seu baphicacanthi,root of dyers woad,ban lan gen,,cold bitter,to remove toxic heat to reduce heat in blood and to soothe sore throat,epidemic encephalitis measles papulis parotitis influenza warm toxin macular eruption ardent fever with headache massive head scourge throat pain maculopapular eruption epidemic parotitis erysipelas hepatitis swelling toxin of sore and welling abscess,antipyretic detoxicate drugs
h00061,thalictrum petaloideum,petalformed meadowrue,ban rui tang song cao,,not specified,to clear heat dry damp resolve toxin,dampheat diarrhea dysentery jaundice lung heat cough red eyes with gall swelling welling abscess and sore and boil exudative dermatitis,not specified
h00062,aloe vera var chinensis,chinese aloe dried juice,ban wen lu hui,,not specified,see aloe vera ,see aloe vera ,not specified
h00063,rhizoma pinelliae,tuber of pinellia,ban xia,,warm pungent,to remove damp and phlegm to relieve nausea and vomiting and to eliminate stuffiness in the chest and the epigastrium,cough and asthma with abundant phlegm vomiting nausea glomus in chest dizziness headache vexation and agitation in night goiters with phlegm node swelling toxin of welling abscess and flat abscess,phlegresolving medicine
h00064,herba scutellariae barbatae,all  grass of barbed skullcap,ban zhi lian,,cold pungent slightly bitter,to remove toxic heat and to cause diuresis,heat toxin swollen welling abscess throat pain pulmonary welling abscess intestinal welling abscess scrofula poisonous snake bite knocks and falls blood ejection spontaneous external bleeding blood strangury edema ascites carcinoma,antipyretic detoxicate drugs
h00065,ephedra lepidosperma,scalyseed ephedra,ban zi ma huang,,not specified,not specified,not specified,not specified
h00066,rhizoma menispermi,chinese cinquefoil,bei dou gen,,not specified,to remove toxic heat and relieve rheumatic pains,treatment of sore throat colitis dysentery rheumatic arthralgia,antipyretic detoxicate drugs
h00067,cedrus atlantica,atlas cedar,bei fei xue song,,not specified,not specified,not specified,not specified
h00069,aloe ballyi,bally aloe,bei li lu hui,not specified,not specified,not specified,not specified,not specified
h00070,radix glehniae,root of coastal glehnia,bei sha shen,,minor cold sweet,to replenish yin of the lung and stomach remove heat from the lung and promote fluid secretion,dry cough due to lung dryness vacuity taxation hemoptysis stomach yin insufficiency fluid damage and thirst,yintonifying medicinal
h00071,fructus schiandrae,fruit of chinese nmagnoliavine,bei wu wei,,warm sweet sour,treatment of chronic cough and asthma nocturnal emission spermatorrhea enuresis frequent urination protracted diarrhea spontaneous sweating night sweating impairment of body fluid with thirst shortness of breath and feeble pulse diabetes caused by internal heat palpitation and insomnia,1 its decoction exerts bacteriostatic effect on pseudomonas aeruginosa 1128 staphylococcus aureus 164 flexners bacillus 132 and typhoid bacillus 18 in vitro2 schizandrin one of its active components can protect the liver from damage3 enhancing lymphocyteblastogenesis rate4 cardiotonic and sedative,astriction
h00072,not specified,schisandrae chinensis fructus,bei wu wei zi,,not specified,not specified,not specified,astringent medicinal
h00073,chrysanthemum boreale,boreal wild chrysanthemum,bei ye ju,,not specified,see chrysanthemum indicum,see chrysanthemum indicum,not specified
h00074,piperis longi fructus,long pepper fruit,bi ba,,not specified,not specified,cold pain in stomach duct and abdomen vomiting diarrhea headache toothache deepsource nasal congestion coronary heart disease angina pectoris,warming interior drugs
h00075,myroxylon pereirae,peru balmtree resin,bi lu xiang jiao,,not specified,to relieve cough and dispel phlegm resolve toxin and kill worms,scab sore copper coin lichen,not specified
h00076,ricinus communis,castorbean root,bi ma gen,,not specified,to dispel wind and resolve tetany quicken blood and disperse swelling,tetanus epilepsy winddamp impediment pain knocks and falls swollen welling abscess and scrofula prolapse of rectum prolapse of uterus,not specified
h00077,semen ricini,castor seed,bi ma zi,,mild pungent sweet,to induce subsidence of swelling and remove toxic substances to cause purgation,swelling toxin of welling abscess and flat abscess throat impediment scrofula dry stool,external medicinal draw out toxin resolve putridity
h00078,hypericum wightianum,wights stjohnswort equivalent plant hypericum elodeoides,bian di jin,,not specified,to clear heat and resolve toxin arrest diarrhea,white mouth sore in children infant pneumonia stomatitis mammary welling abscess yellowwater sore poisonous snake bites diarrhea enduring dysentery,not specified
h00079,flos dolichoris,flower of hyacinth dolichos,bian dou hua,,mild sweet,to strengthen the spleen and transform dampness,to clear summerheat and eliminate dampness from the upperjiao invigorate the spleen and strengthen the stomach for summer heatdampness syndrome with feeling of oppression in the chest dysuria and diarrhea vomiting diarrhea and dysentery of dampnes,dampness removing drugs
h00081,mangifera persiciformis,peachform mango,bian tao,,not specified,see mangifera indica,see mangifera indica,not specified
h00082,herba polygoni avicularis,allgrass of common knotgrass,bian xu,,minor cold bitter,to relieve dysuria to kill parasites and to alleviate itching,urethritis lithiasis chyluria dysentery parotitis heat strangury short voidings of reddish urine dripping with inhibited pain eczema pudendal itch vaginal discharge ascariasis,diuretic dampness excreting drugs
h00083,angelica keiskei,seashore angelica,bin hai dang gui,,not specified,not specified,not specified,not specified
h00084,semen arecae,areca seed,bing lang,,warm pungent bitter,1 to kill parasites 2 to promote qi circulation 3 to promote water metabolism,wormccumulation food stagnation distending pain in stomach duct and abdomen diarrhea and tenesmus beriberi edema malaria,antiparasitic drugs
h00085,borneolum syntheticum,borneol,bing pian,,minor cold pungent bitter,1 to open the orifices and clear the mind 2 to clear heat and stop pain,angina pectoris phlegm reversal wind stroke coma convulsion swelling pain in throat mouth sore swollen and painful eyes sores ulcer,resuscitative stimulant resuscitative medicinal
h00086,scutellaria scordifolia,twinflower skullcap,bing tou huang qin,,not specified,to clear heat and disinhibit damp resolve toxin and disperse swelling,hepatitis cirrhosis with ascites appendicitis mastitis snake or insect bites knocks and falls,not specified
h00088,herba menthae,mentha peppermint,bo he,,cool pungent,to dispel windheat from the head and eyes and to promote eruption,chronic urticaria infection of upper respiratory tract sarcoma windheat exterior syndrome headache and red eyes swelling pain in throat noneruption of measles dormant papules with pruritus liver depression and ribside pain abdominal distention,pungent cool diaphoretics
h00089,peumus boldus,boldo,bo lu du shu,,not specified,not specified,not specified,not specified
h00090,evodia rutaecarpa var bodinieri,guizhou evodia,bo shi wu zhu yu,,not specified,not specified,not specified,not specified
h00091,psoralea corylifolia,malaytea scurfpea,bu gu zhi,,extreme warm pungent bitter,to supplement kidney and invigorate yang  accept qi and calm asthma warm spleen and check diarrhea,fracture osteomalacia osteoporosis kidney yang vacuity cold pain in lumbus and knees impotence and emission frequent urination enuresis kidney qi insecurity vacuity asthma spleenkidney vacuity chronic diarrhea white patch wind alopecia areata psoriasis,for tonifying weakness
h00092,dionaea muscipula,venuss flytrap,bu ying cao,,not specified,not specified,not specified,not specified
h00093,not specified,microctis folium,bu zha ye,,not specified,not specified,not specified,external medicinal draw out toxin resolve putridity
h00094,fructus xanthii sibirici,fruit of siberian cockleblur,cang er zi,,warm pungent bitter,to dispel wind and damp and to relieve nasal obstruction,1 lowering blood sugar with similar mechanism as phenethyl biguanide  dbi  2 its chief poisonous component is rhamnose the toxic effects in rats guineapigs and rabbits by different routes of administration are similar ld50 is 093gkg in mice,pungentwarm exteriorreleasing medicinal
h00095,rhizoma atractylodis,rhizome of swordlike atractylodes,cang zhu,,warm pungent bitter,to remove damp and invigorate the function of the spleen to disple windcold and to improve eyesight,spleenstomach damp turbidity fatigue hypodynamia glomus in chest abdominal distention inappetence vomiting and diarrhea phlegmrheum damp edema exterior damp heavy head and generalized pain damp impediment aching pain in limbs crippling wilt night blindness,dampness removing drugs
h00096,not specified,boschniakia rossica herba,cao cong rong,,not specified,not specified,kidney vacuity impotence emission cold pain in lumbus and knees dribbling urination hematuria infertility due to uterus cold vaginal discharge flooding and spotting intestinal dry and constipation,yang reinforcing drugs
h00097,fructus tsaoko,tsaoko,cao guo,,warm pungent,to remove colddamp from the spleen and the stomachand to stop malarial attacks,treatment of accumulation of colddamp in the spleen and the stomach manifested by epigastric distension fullness and pain accompanied by vomiting malaria with paroxysms of chills and fever,dampness removing drugs
h00098,cacumen et folium biotae,leafy twigs of oriental arborvitae,ce bai ye,,minor cold bitter punkery,to arrest bleeding by removing heat from blood and to promote the growth of black hair,hemoptysis duodenal bleeding chronic bronchitis tuberculosis blood ejection spontaneous external bleeding hematuria hematochezia blood dysentery incessant flooding and spotting cough with profuse phlegm winddamp impediment pain erysipelas epidemic parotitis scalds burns,bloodcooling hemostatic medicinal
h00099,camellia sinensis syn thea sinensis,tea root,cha shu gen,,not specified,to strengthen heart and disinhibit urine quicken blood and regulate menstruation clear heat and resolve toxin,edema due to heart disease hepatitis dysmenorrhea toxin swelling of sores mouth sore burns and scalds zoster psoriasis,not specified
h00100,ligusticum sinense cv chaxiong,chaxiong ligusticum,cha xiong,,not specified,not specified,not specified,not specified
h00101,camellia sinensis,thea sinensis,cha ye,,cool sweet bitter,to clear head and eyes eliminate vexation and allay thirst disperse food transform phlegm disinhibit urine resolve toxin,headache dim vision red eyes desire to sleep common cold vexation and thirst food accumulation bad breath phlegm asthma epilepsy inhibited urination diarrhea throat swelling swelling of sores and boils burns and scalds,not specified
h00102,camellia sinensis syn thea sinensis,tea seed,cha zi,,not specified,to downbear fire transform phlegm and calm asthma,phlegmheat cough ringing in head,not specified
h00103,radix bupleuri,root of chinese thorowax,chai hu,,minor cold pungent bitter,to relieve fever to soothe the liver and to cure drooping and ptosis,common cold influenza malaria acute pancreatitis pleuritis neuritis gastritis acute cholecystitis hepatitis fever due to external contraction keratitis coldheat in turn liver depression and ribside pain mammary distention dizziness and headache menstrual disorder prolapse of rectum due to qi vacuity fall prolapse of uterus gastroptosis,pungent cool diaphoretics
h00104,trollius macropetalus,langpetal globeflower,chang ban jin lian hua,,not specified,to clear heat and resolve toxin,infection of upper respiratory tract acute or chronic tonsillitis acute conjunctivitis acute otitis media acute lymphangitis acute dysentery acute appendicitis,not specified
h00105,kadsura peltigera syn kadsura longipedunculata ,longpeduncle kadsura,chang geng nan wu wei zi,,not specified,to move qi quicken blood relieve pain,qi stagnation abdominal distention abdominal pain stomachache pain in sinews and bones dysmenorrhea knocks and falls innominate toxin swelling,not specified
h00106,corydalis longicalcarata,longspur corydalis,chang ju yan hu suo,,not specified,not specified,not specified,not specified
h00107,saussurea superba syn saussurea hieracioides ,hawkweedlike saussurea,chang mao feng mao ju,,not specified,to drain water retension,edema ascites hydroperitoneum effusion in thorax,not specified
h00108,radix dichroae,root of antifebrile dichroa,chang shan,,cold pungent bitter,to expel phlegm and relieve malaria,malaria scrofula,emetic medicinal
h00109,eurycoma longifolia,not specified,dong ge a li,,not specified,not specified,not specified,not specified
h00110,massa fermentata medicinalis preparata,medicated leaven,chao shen qu,,warm pungent sweet,not specified,not specified,food digestion
h00111,angelica gigas,gigantic angelica,chao xian dang gui,,not specified,to extinguish wind and harmonize blood,pain in joints wrenching and contusion,not specified
h00112,carlina acaulis,stemless carline 392thistle,chao xian ji,,not specified,not specified,not specified,not specified
h00113,fructus aurantii preparata,prepared fruit of seville orange,chao zhi qiao,,minor cold pungent bitter,treatment of distension and pain in the chest and hypochondriac regions due to stagnation of qi indigestion with retention of phlegm and fluid gastroptosis prolapse of the rectum prolapse of the uterus,treatment of distension and pain in the chest and hypochondriac regions due to stagnation of qi indigestion with retention of phlegm and fluid gastroptosis prolapse of the rectum prolapse of the uterus,regulation of qi
h00114,plantago asiatica,asiatic plantain equivalent plant plantago major  plantago depressa,che qian,,not specified,to clear heat and disinhibit urine cool blood resolve toxin,heat bind in bladder inhibited urination dysuria stranguryturbidity and vaginal discharge summerheatdamp diarrhea bloody urine hematuria spontaneous external bleeding swelling toxin of welling abscess and sore,not specified
h00115,herba plantaginis,allgrass of rippleseed plantain,che qian cao,,cold sweet,to remove heat and to induce diureses to promote expectoration to reduce heat in blood and to counteract toxicity,treatment of edema with oliguria urinary infection with difficult painful urination diarrhea caused by summerdamp cough caused by phlegmheat spitting of blood epistaxis carbuncles and sores,diuretic dampness excreting drugs
h00116,semen plantaginis,seed of asiatic pantain,che qian zi,,cold sweet,to remove heat to cause diuresis and eliminate damp to relieve dysuria to clear the eye and to promote expectoration,1 diuretic 2 expectorant and antitussive,diuretic dampness excreting drugs
h00117,dodonaea viscosa,clammy hopseedbush leaf,che sang zi ye,,not specified,to clear heat and percolate damp disperse swelling and resolve toxin,dribbling urination dribbling urinary block shoulder swelling clove boil swelling pain in perineum burns and scalds,not specified
h00118,herba artemisiae scopariae,capillaris oriental wormwood,chen hao,,minor cold bitter,treatment of jaundice,treatment of jaundice,for promoting diuresis and penetrating dampness
h00119,pericarpium citri reticulatae,dried tangerine peel,chen pi,,warm pungent bitter,to regulate the flow of qi to invigorate the spleen function to eliminate damp and to resolve phlegm,treatment of distension and fullness sensation in the chest and epigastrium with anorexia vomiting and diarrhea cough with copious phlegm,qi regulating drugs
h00120,lignum aquilariae resitum,oily wood of agalloch eaglewood,chen xiang,,warm pungent bitter,to promote the flow of qi and relieve pain to arrest vomiting by warming the stomach and to relieve asthma,cold pain in stomach duct and abdomen qi counterflow with asthma stomach cold with retching counterflow vacuity cold in lumbus and knees vacuity constipation qi strangury,qi regulating drugs
h00121,eupatorium lindleyanum,lindley eupatorium,cheng gan sheng ma,,not specified,to clear lung and relieve cough transform phlegm and calm asthma lower blood pressure,bronchitis cough and asthma with abundant phlegm hypertension,not specified
h00122,tamarix chinensis,chinese tamarisk equivalent plant tamarix ramosissima,cheng liu,,pungent neutral,to course wind and resolve exterior disinhibit urine and resolve toxin,noneruption of measles wind papule itching common cold cough and asthma winddamp bone pain,for relieving exterior syndrome
h00123,corydalis remota syn corydalis bulbosa var typica ,toothedpetal corydalis,chi ban yan hu suo,,not specified,to quicken blood and dissipate stasis move qi and relieve pain,pain in lumbus and knees pain in heart and abdomen dysmenorrhea postpartum stasis stagnation abdominal pain painful swelling from knocks and falls,not specified
h00124,gymnema sylvestre,australian cowplant,chi geng teng,,not specified,to dispel wind and relieve pain resolve toxin and disperse swelling,winddamp impediment pain swelling pain in throat scrofula mammary welling abscess sore and boil eczema innominate toxin swelling poisonous snake bite,not specified
h00125,syzygium buxifolium,boxleaf syzygium,chi nan,,not specified,to boost kidney and settle asthma fortify spleen and disinhibit damp expel wind and quicken blood resolve toxin and disperse swelling,edema asthma stranguryturbidity urethral stone dysentery hepatitis prolapse of uterus winddamp pain testitis hemorrhoids swollen welling abscess burns and scalds painful swelling from knocks and falls,not specified
h00126,radix paeoniae rubra,red peony root,chi shao,,minor cold bitter,to remove heat from blood to eliminate blood stasis and to relieve pain,1 paeoniflorin one of its active components has a strong antispastic effect and also analgesic sedative anticonvulsive antibacterial and antiimflammatory effects 2 dilating blood vessels increasing coronary flow and improving myocardial oxygen supply 3 inhibiting platelets aggregation,heat clearing blood cooling drugs
h00127,semen phaseoli,rice bean,chi xiao dou,,mild sweet sour,to cause diuresis to counteract toxicity and to promote the drainage of pus,decoction inhibits the growth of staphylococcus aureus shigella flexneri and bacillus typhoid in vitro,diuretic dampness excreting drugs
h00128,not specified,fructus pyracanthae fortuneanae,chi yang zi,,not specified,not specified,not specified,not specified
h00129,lysimachia paridiformis,parisshape loosestrife,chong lou pai cao,,not specified,to dispel wind and eliminate damp quicken blood and relieve pain relieve cough resolve toxin,winddamp pain pain in stomach duct and abdomen cough knocks and falls clove sore and swollen boil poisonous snake bite,not specified
h00130,fructus leonuri,motherwort fruit,chong wei zi,,minor cold sweet,to activate blood circulation and regulate menstruation to subdue hyperactivity of the liver and to clear the eye of opacity,treatment of menstrual disorders amenorrhea hysmenorrhea inflammation of the eye with formation of corneal opacity dizziness and headache,blood activating stasis removing drugs
h00131,ruta graveolens,common rue,chou cao,,not specified,to dispel wind abate fever disinhibit urine quicken blood resolve toxin disperse swelling,common cold with fever winddamp bone pain infant fright wind inhibited urination diarrhea mounting qi amenorrhea knocks and falls heat toxin sores eczema,not specified
h00132,dysosma veitchii,veitch dysosma,chuan ba jiao lian,,not specified,see dysosma pleiantha ,see dysosma pleiantha,not specified
h00133,bulbus fritillariae cirrhosae,bulb of tendrilleaf fritillary,chuan bei mu,,minor cold sweet bitter,to remove heat moisten the lung resolve phlegm and relieve cough,lung heat cough dry cough chronic bronchitis infection of upper respiratory tract tuberculosis gastric ulcer duodenal ulcer yin vacuity taxation cough cough with phlegm and blood,phlegresolving medicine
h00134,rhizoma coptidis,rhizome of chinese goldthread,chuan huang lian,,cold bitter,treatment of attack of dampheat manifested by stuffiness and fullness sensation in the abdomen or causing acute dysentery of jaundice high fever accompained by impairment of conciousness fidgetness and insomnia due to exuberant fire spitting of blood and epistaxis caused by heat in the blood inflammation of the eye acid regurgitation toothache diabetes carbuncles and sores external use for eczema and other skin diseases with exudation purulent discharge from the earrhizoma coptidis processed with wine inflammation of the eye ulcers in the mouthrhizoma coptidis processed with ginger stuffiness and fullness sensation in the abdomen with nausea and vomiting caused by dampheat in combination with cold,its chief component is berberine 1 possessing broadspectrum antibacterial and antiprotozoal effects 2 intravenous injection or oral administration of berberine exerts a hypotensive effect on experimental animals 3 small dosage of berberine enhances the action of acetylcholine on animals hearts in vitro while large dosage counteracts it 4 relaxing the smooth muscles of blood vessels and stimulating those of uterus urinary bladderl bronchus and gastrointestines 5 promoting bile secretion 6 berberine inhibits the cellular growht of ascitic cancer and lymphoma,heat clearence
h00135,scutellaria hypericifolia,st johnswortleaf skullcap,chuan huang qin,,not specified,see scutellaria baicalensis,see scutellaria baicalensis,not specified
h00136,fructus meliae toosendan,szechwan chiberry fruit,chuan lian zi,,cold bitter,to relieve pain by smoothing the flow of the liver qi and to repel worms,chest and ribside pain distending pain in stomach duct mounting qi  abdominal pain due to worm accumulation,qi regulating drugs
h00137,caulis clematidis armandii,armand clematis stem,chuan mu tong,,not specified,to remove heat and induce diuresis to stimulate menstrual discharge and promote lactation,treatment of edema stranguria oliguria arthralgia amenorrhea lack of lactation,diuretic dampness excreting drugs
h00138,vladimiria souliei syn jurinea souliei,common vladimiria,chuan mu xiang,,not specified,to move qi and relieve pain,distending pain in stomach duct rumbling intestines and diarrhea tenesmus liver gallbladder pain,regulation of qi
h00139,radix cyathulae,root of medicil cyathula,chuan niu xi,,mild sweet sour bitter,to eliminate blood stasis and stimulate menstrual discharge to allay arthralgia and ease the joint and to relieve urinary disturbance,amenorrhea with concretion and conglomeration retention of placenta impediment pain in joints hematuria blood strangury knocks and falls,blood activating stasis removing drugs
h00140,radix cudraniae,root of tricuspid cudrania,chuan po shi,,cool slightly bitter neutral,1 to remove blood stasis alleviate pain expel wind and dampness for rheumatism and trauma recently  also for acute and chronic hepatitis tumour of digestive tract carcinoma of liver pancreas and lung etc 2 to relieve cough and eliminate sputum for productive cough,1 to remove blood stasis alleviate pain expel wind and dampness for rheumatism and trauma recently  also for acute and chronic hepatitis tumour of digestive tract carcinoma of liver pancreas and lung etc 2 to relieve cough and eliminate sputum,not specified
h00141,not specified,iridis tectori rhizoma,chuan she gan,,not specified,not specified,not specified,antipyretic detoxicate drugs
h00142,radix chuanxiong,chuanxiong rhizome szechuan lovage root,chuan xiong,,warm pungent,1 to invigorate blood and promote qi circulation 2 to expel wind and stop pain,cerebral ischemia postpartum pain acute icterohepatitis menstrual disorder amenorrhea and dysmenorrhea concretion and conglomeration chest and ribside stabbing pain painful swelling from knocks and falls headache winddamp impediment pain,blood activating stasis removing drugs
h00143,herba sedi sarmentosi,all  grass of stringy stonecrop,chui pen cao,,cool sweet slightly sour neutral,to remove dampheat and to counteract toxicity,1 its amino acid protect the liver of rats and mice from ccl4 damage2 inhibiting the growth of staphyloccus aureus a0 and b streptococcus and shigella flexneri in vitro,antipyretic detoxicate drugs
h00144,cortex tooe sinensis,ailanthus bark tree of heaven bark,chun pi,,cold bitter punkery,to remove dampheat and arrest discharges,treatment of morbid leukorrhea diarrhea caused by dampheat chronic diarrhea chronic dysentery hematochezia abnormal uterine bleeding,heatclearing and dampnessdrying medicinal
h00145,juniperus oxycedrus,prickly juniper,ci gui,,not specified,not specified,not specified,not specified
h00146,glycyrrhiza pallidiflora,pricklyfruit licorice,ci guo gan cao,,not specified,to promote lactation,postpartum scant milk,not specified
h00147,pinus aristata,bristlecone pine,ci guo song,,not specified,not specified,not specified,not specified
h00148,not specified,radix et caulis mahonae flavidae,ci huang lian,,not specified,not specified,not specified,not specified
h00149,rosa roxburghii,roxburgh rose,ci li,,not specified,to fortify stomach disperse food check diarrhea,food accumulation distention and fullness enteritis and diarrhea,not specified
h00150,eleutherococcus senticosus,manypr ickle acanthopana x,ci wu jia,,warm pungent bitter,to boost qi and fortify spleen supplement kidney and quiet spirit increase appetite,spleenkidney yang vacuity vacuity and hypodynamia inappetence aching in lumbus and knees insomnia and frequent dreaming,for dispelling winddampness
h00151,eleutherococcus senticosus,manyprickle acanthopanax leaf,ci wu jia ye,,not specified,not specified,not specified,not specified
h00153,hippophae rhamnoides,seabuckthorn fruit equivalent plant hippophae rhamnoides subsp sinensis  hippophae rhamnoides subsp yunnanensis,cu liu guo,,not specified,to relieve cough and transform phlegm fortify stomach and disperse food quicken blood and dissipate stasis,cough with profuse phlegm pulmonary welling abscess indigestion food accumulati on abdominal pain stomachache enteritis amenorrhea stasis swelling from knocks and falls,not specified
h00154,glycyrrhiza aspera,hirsute licorice,cu mao gan cao,,not specified,see glycyrrhiza uralensis ,see glycyrrhiza uralensis,not specified
h00155,celastrus strigillosus,hirsute bittersweet,cu mao nan she teng,,not specified,not specified,not specified,not specified
h00156,ficus simplicissima,hispid fig,cu ye rong,,not specified,to fortify spleen and supplement lung move qi and disinhibit damp soothe sinews and quicken network vessels,spleen vacuity edema reduced food intake with fatigue tuberculosis with cough vaginal discharge night sweating postpartum scant milk winddamp impediment pain edema cirrhosis with ascites hepatitis knocks and falls,not specified
h00157,not specified,not specified,cui tu luo fu mu,,not specified,not specified,not specified,not specified
h00158,senecio oryzetorum,field groundsel,da bai ding cao,,not specified,to clear heat and resolve toxin,white mouth sore in children clove sore,not specified
h00159,plantago major,rippleseed plantain,da che qian,,not specified,see plantago asiatica,see plantago asiatica,not specified
h00160,tanacetum parthenium,feverfew,xiao bai ju,,not specified,not specified,not specified,not specified
h00161,euphorbia hirta,garden euphorbia,da fei yang cao,,not specified,to clear heat and resolve toxin percolate damp and relieve itch free milk,acute enteritis bacillary dysentery strangury hematuria pulmonary welling abscess mammary welling abscess clove sore toxin swelling eczema foot lichen itchy skin,not specified
h00162,coffea liberica,liberian coffee,da guo ka fei,,not specified,see coffea arabica,see coffea arabica,not specified
h00163,rhodiola crenulata syn rhodiola euryphylla,bigflower rhodiola,da hua hong jing tian,,not specified,to clear lung and boost qi,tuberculosis with cough hemoptysis pneumonia b ronchitis,not specified
h00165,lagerstroemia speciosa,queen crapemyrtle,da hua zi wei,,not specified,to close sores resolve toxin,swelling toxin of welling abscess and sore,not specified
h00166,semen sojae germinatus,black seed of soybean,da huang dou juan,,mild sweet,not specified,not specified,not specified
h00167,herba cirsii japoniciradix cirsii japoniciherba seu radix cirsii japonici,allgrass of thistle,da ji,,cool sweet bitter,to arrest bleeding by reducing heat in the blood to remove blood stasis and to promote the subsidence of swelling,not specified,bloodcooling hemostatic medicinal
h00168,radix euphorbiae pekinensis,peking spurge root,da ji 1,,cold pungent bitter,1 treatment of edema of the face and the body retention of fluid in the chest and ascites peking spurge root daji is used with jujube dazao kansui root gansui and genkwa flower yuanhua in the formula shizao tang 2 treatment of boils carbuncles scrofula and subcutaneous nodules peking spurge root daji is used with pleione rhizome shancigu and moleplant seed qianjinzi for internal and external use in the formula zijin ding,1 treatment of edema of the face and the body retention of fluid in the chest and ascites peking spurge root daji is used with jujube dazao kansui root gansui and genkwa flower yuanhua in the formula shizao tang 2 treatment of boils carbunc,purging
h00169,herba cirsii japoniciradix cirsii japoniciherba seu radix cirsii japonici,allgrass of thistle,da ji 2,,cool sweet bitter,treatment of epistaxis spitting of blood hematuria hematochezia abnormal uterine bleeding traumatic bleeding carbuncles and sores,1 its decoction can lower blood pressure2 inhibiting the growth of astreptococcus3 shortening the bleeding time4 antiinflammatory5 diuretic,bleeding control
h00170,euphorbia pekinensis,peking euphorbia,da ji 3,,not specified,to drain water and expel rheum dissipate binds and disperse swelling,edema seeper in chest and abdomen phlegmrheum inhibited urine and stool swollen welling abscess scrofula,not specified
h00172,lysimachia christinae,christina loosestrife,da jin qian cao,,not specified,to disinhibit water and free strangury clear heat and resolve toxin dissipate stasis and disperse swelling,gallstones calculus of urinary system heat strangury nephritis with edema dampheat jaundice swollen welling abscess sore and boil poisonous snake bite knocks and falls,not specified
h00173,cuscuta japonica,japanese dodder seed,da tu si zi,,not specified,see cuscuta chinensis,see cuscuta chinensis ,not specified
h00175,selaginella doederleinii,doederleins spikemoss,da ye cai,,not specified,to clear heat and resolve toxin dispel wind and eliminate damp,swelling pain in throat red eyes with gall lung heat cough mastitis dampheat jaundice winddamp impediment pain bleeding due to external injury,not specified
h00176,ampelopsis megalophylla,largeleaf ampelopsis,da ye she pu tao,,not specified,to clear heat and disinhibit damp calm liver and lower blood pressure quicken blood and free network vessels,dysentery diarrhea dribbling pain of urination hypertension dizzy head and distention eyes knocks and falls,not specified
h00177,rabdosia macrophylla,largeleaf rabdosia,da ye xiang cha cai,,not specified,not specified,not specified,not specified
h00179,not specified,gleditsiae fructus,da zao jia,,not specified,not specified,not specified,phlegresolving medicine
h00180,semen sojae praeparata,fermented soybean,dan dou chi,,cold pungent,to induce diaphoresis to ease the mind and to relieve fever,treatment of chills fever and headache in colds and influenza vexation oppressed feeling in the chest and insomnia,pungent cool diaphoretics
h00181,reseda luteola,not specified,dan huang mu xi cao,,not specified,to effuse sweat disinhibit urine,not specified,not specified
h00182,salvia miltiorrhiza,radix salviae liguliobae,dan shen,,minor cold bitter,to remove blood stasis and relieve pain to promote the flow of blood and stimulate menstrual discharge and to ease the mind,angina pectoris cerebral atherosclerosis diffusive intravascular clotting thrombophlebitis hepatitis acute surgical infection mastitis erysipelas otitis media tonsillitis bone marrow infection menstrual disorder dysmenorrhea amenorrhea postpartum stasis stagnation abdominal pain pain in heart and abdomen concretion conglomeration accumulation and gathering heat impediment swelling and pain knocks and falls heat entering constructionblood vexation and agitation insomnia and vexation swelling toxin of welling abscess and sore zoster neurodermatitis psoriasis,blood activating stasis removing drugs
h00183,lysimachia candida,white pearlweed,dan tiao cao,,not specified,to clear heat and resolve toxin quicken blood and relieve pain disinhibit damp and disperse swelling,swelling pain in throat swelling toxin of welling abscess and sore mammary welling abscess poisonous snake bites fracture due to knocks and falls winddamp impediment pain beriberi with edema paddyfield dermatitis,not specified
h00184,vitex rotundifolia syn vitex trifollia var simplicifolia ,simpleleaf shrub chastetree,dan ye man jing,,not specified,not specified,not specified,not specified
h00185,ephedra monosperma,oneseed ephedra,dan zi ma huang,,not specified,see ephedra sinica,see ephedra sinica,not specified
h00186,radix angelicae sinensis,root of chinese angelica,dang gui,,warm pungent sweet,to enrich blood activate blood circulation regulate menstruation relieve pain and relax bowels,womens diseases blood deficiency syndrome menstrual disorder amenorrhea and dysmenorrhea dysmenorrhea due to anemia thrombophlebitis neuralgia arthritis chronic nephritis constrictive aortitis blood vaculty pernicious anemia anemia due to folic acid deficiency dysentery hepatitis raynauds disease lumbago various pains due to blood stasis and rheumatic impediment sores welling abscess constipation ulcer in gastrointestinal tract skin diseases eczema dermatitis neurodermatitis psoriasis,bloodtonifying medicinal
h00187,radix codonopsis pilosulae,root pilose asiabell,dang shen,,mild sweet,to reinforce qi and invigorate the function of the spleen and the lung,spleenstomach vacuity reduced food intake and sloppy stool lassitude in limbs cough and asthma due to lung vacuity shortness of breath and spontaneous sweating qiblood depletion,qi reinforcing drugs
h00188,rhizoma codonopsis pilosulae,rhizome of pilose asiabell,dang shen lu tou,,not specified,not specified,not specified,not specified
h00189,semen cavaliae,jack bean,dao dou,,not specified,to warm the stomach and check its upward adverse movement,vacuity cold and hiccough vomiting,qi regulating drugs
h00190,taraxacum obovatum,obovaleaf dandelion root,dao luan ye pu gong ying gen,,not specified,not specified,not specified,not specified
h00191,rhodiola atuntsuensis,atuntsuen rhodiola,de qin hong jing tian,,not specified,not specified,not specified,not specified
h00192,not specified,folium wrightiae laevis,deng tai ye,,not specified,not specified,not specified,not specified
h00193,medulla junci,pith of common rush,deng xin cao,,minor cold sweet neutral,to eliminate excess fire in the heart and to induce diuresis,strangury edema inhibited urination dampheat jaundice insomnia and vexation infant night crying throat impediment mouth sore wound,diuretic dampness excreting drugs
h00194,erigeron breviscapus,shortscape fleabane,deng zhan xi xin,,not specified,to dissipate cold and resolve exterior dispel wind and eliminate damp quicken network vessels and relieve pain disperse accumulation,common cold with headache and nasal congestion winddamp impediment pain paralysis acute gastritis child gan accumulation knocks and falls,not specified
h00195,herba hyperici japonici,all  grass of japanese st johnswort,di er cao,,not specified,1to deprive dampness and relieve jaundice 2 to clear away heat and toxic material 3 to promote blood circulation and relieve edema,dampheat jaundice diarrhea dysentery intestinal welling abscess pulmonary welling abscess swelling toxin of welling abscess and boil nipple moth mouth sore red eyes with gall poisonous snake bite knocks and falls,diuretic dampness excreting drugs
h00196,cortex illicii,difengpi bark,di feng pi,,warm slightly pungent punkery,to relieve rheumatic conditions and to promote the flow of qi and relieve pain,pain in joints due to rheumatalgia taxation damage in lumbar muscle centipede bite,winddampnessdispelling and colddispersing medicinal
h00197,fructus kochiae,fruit of belvedere,di fu zi,,cold bitter,to remove dampheat to dispel zvind and to relieve itching,inhibiting the growth of various dermatomyces in vitro,diuretic dampness excreting drugs
h00198,cortex lycii radicis,root  bark of chinese wolfberry,di gu pi,,cold sweet,to reduce heat in blood to relieve consumptive fever and to remove heat from the lung,1 its decoction infusion tincture and injection exert a hypotensive effect on anesthetized or unanesthetized animals2 antipyretic reducing vaccineinduced fever in rabbits3 its extract lowers serum cholesterol level in rabbits4 its decoction reduces blood sugar level in rabbits5 an active component betaine possesses a lipocaic effect,asthenic heat dispelling drugs
h00199,not specified,radix rehmanniae,di huang,,not specified,not specified,not specified,not specified
h00200,not specified,herba thymi mongolici,di jiao,,not specified,not specified,not specified,not specified
h00201,herba euphorbiae humifusae,all  grass of humifuse euphorbia,di jin cao,,mild pungent bitter,to remove toxic heat and to arrest bleeding by reducing heat in blood,dysentery enteritis hemoptysis hematuria hematochezia flooding and spotting swollen welling abscess sore and boil,antipyretic detoxicate drugs
h00202,cynanchum thesioides,bastardtoadflaxlike swallowwort,di shao gua,,not specified,to clear vacuity fire boost qi engender liquid promote lactation,upflaming vacuity fire throat pain qi and yin vacuity fatigued spirit and amnesia vacuity vexation and thirst dizziness and insomnia postpartum vacuity weakness scant breast milk,not specified
h00203,radix sanguisorbae,root of garden burnet,di yu,,minor cold sour bitter,to arrest bleeding by dispelling heat for blood and to counteract toxicity and cure sores,blood ejection hemoptysis duodenal ulcer spontaneous external bleeding hematuria hematochezia bleeding from hemorrhoids blood dysentery flooding and spotting red and white vaginal discharge swelling pain of welling abscess and sore eczema pudendal itch burns and scalds snake or insect bites,bloodcooling hemostatic medicinal
h00204,scutellaria amoena,yunnan skullcap,dian huang qin,,not specified,see scutellaria baicalensis,see scutellaria baicalensis,not specified
h00205,onosma paniculatum,paniculate onosma,dian zi cao,,not specified,to clear heat resolve toxin cool blood quicken blood,measles papules pneumonia febrile diseases macular eruption ulcerating sores eczema scalds,not specified
h00206,caulis erycibes,stem of taiwan erycibe,ding gong teng,,warm pungent,to dispel wind and deprive dampness reduce swelling relieve pain,winddamp impediment pain hemiplegia painful swelling from knocks and falls,winddampnessdispelling and colddispersing medicinal
h00207,flos caryophylli,clove,ding xiang,,warm pungent,to warm the spleen and stomach to regulate the adverse flow of the stomach qi and to restore the kidney yang,stomach cold with retching counterflow hiccough cold pain in stomach duct and abdomen reduced food intake and diarrhea kidney vacuity impotence vacuity cold in lumbus and knees yin flat abscess,warming interior drugs
h00208,oplopanax elatus,northeast spineginseng tall oplopanax,dong bei ci ren shen,,not specified,to supplement qi and reinforce yang  suppress cough free network vessels abate fever,qi vacuity and general weakness fatigued spirit and lassitude impotence vacuity cough windcolddamp impediment diabetes mellitus hypertension,not specified
h00209,not specified,radix tripterygii regeli,dong bei lei gong teng,,not specified,not specified,not specified,not specified
h00210,cordyceps,chinese caterpillar fungus,dong chong xia cao,,mild sweet,to tonify the lung and the kidney arrest bleeding and dispel phlegm,impotence and emission neurasthenia backache aching in lumbus and knees enduring cough and vacuity asthma taxation damage hemoptysis,yang reinforcing drugs
h00212,semen benincasae,seed of chinese waxgourd,dong gua ren,,minor cold sweet,for promoting diuresis and desolving inflammation,not specified,for promoting diuresis and penetrating dampness
h00213,fructus malvae,cluster mallow fruit,dong kui guo,,not specified,to remove heat and induce diuresis to relieve edema,treatment of urinary infection with oliguria edema and thirst,external medicinal draw out toxin resolve putridity
h00214,rabdosia rubescens,blushred rabdosia,dong ling cao,,not specified,to clear heat and resolve toxin quicken blood and relieve pain anticancer,swelling pain in throat common cold with headache trachitis chronic hepatitis pain in joints due to rheumatalgia snake or insect bites carcinoma of mammary glands carcinoma of esophagus,heat clearence
h00217,fructus amomi rotundus,round cardamon fruit,dou kou,,not specified,to resolve damp to remove stagnancy of food and to promote digestion,treatment of loss of appetite due to accumulation of turbid damp in the spleen and stomach feeling of suffocation in the chest with anorexia at the early stage of dampwarm syndromes nausea vomiting distension and pain in the chest and abdomen caused,dampness removing drugs
h00219,radix angelicae pubescentis,doubleteeth pubescent angelica root,du huo,,minor warm pungent bitter,to relieve rheumatic conditions and to remove obstruction from the channels and relieve pain,windcolddamp impediment especially in lower part of body pain in lumbus and knees headache toothache,winddampnessdispelling and colddispersing medicinal
h00220,lamiophlomis rotata,common lamiophlomis,du yi wei,,minor cold bitter,to quicken blood and transform stasis disperse swelling and relieve pain,knocks and falls pain in sinews and bones swelling pain in joints dysmenorrhea flooding and spotting,not specified
h00221,cortex eucommiae,eucommia bark,du zhong,,warm sweet,to tonify the liver and the kidney to strengthen the tendons and bones and to prevent miscarrige,hypertension kidney vacuity lumbago weakness in sinews and bones stirring fetus in pregnancy,yang reinforcing drugs
h00223,coptis chinensis var brevisepala,shortsepal goldthread,duan e huang lian,,not specified,see coptis chinensis ,see coptis chinensis ,not specified
h00224,os draconis preparata,prepared dragons bone fossilized bone,duan long gu,,mild sweet punkery,treatment of 1 deficient yin of the liver and kidneys with hyperactive yang of the liver manifested as dizziness vertigo blurred vision or irritability dragons bone longgu is used with oyster shell muli red ochre daizheshi and white peony root baishao in the formula zhengan xifeng tang 2 seminal emissions due to deficient kidneys dragons bone longgu is used with oyster shell muli flattened milkvetch seed shayuanzi and euryale seed qianshi 3 palpitations and insomnia dragons bone longgu is used with oyster shell muli polygala root yuanzhi and wild jujube seed suanzaoren 4 leukorrhea due to deficient kidneys dragons bone longgu is used with oyster shell muli dioscorea shanyao and cuttlefish bone wuzeigu 5 spontaneous sweating and night sweating dragons bone longgu is used with oyster shell muli and schisandra fruit wuweizi,treatment of 1 deficient yin of the liver and kidneys with hyperactive yang of the liver manifested as dizziness vertigo blurred vision or irritability dragons bone longgu is used with oyster shell muli red ochre daizheshi and white peony roo,spirit calming
h00225,concha arcae preparata,calcined arc shell,duan wa leng,,mild salty,treatment of retention of sticky phlegm difficult to expectorate goitre scrofula masses in the abdomen gastric pain with acid regurgitation,treatment of retention of sticky phlegm difficult to expectorate goitre scrofula masses in the abdomen gastric pain with acid regurgitation,for desolving phlegm stopping cougth and soothing breathing
h00226,herba clinopodii,clinopodium herb,duan xue liu,,not specified,to arrest bleeding,treatment of excessive menstrual discharge hemorrhage from hysteromyoma hematuria epistaxis gingival bleeding traumatic bleeding,bloodcooling hemostatic medicinal
h00227,corydalis ledebouriana,ledeour corydalis,dui ye yuan hu,,not specified,not specified,not specified,not specified
h00228,thalictrum ichangense,peltateleaf meadowrue,dun ye tang song cao,,not specified,to clear heat and resolve toxin dry damp,dampheat jaundice dampheat dysentery infant fright wind red eyes with gall erysipelas wandering wind goosemouth sore knocks and falls,not specified
h00229,meconopsis horridula,spiny meconopsis,duo ci lv rong hao,,not specified,to quicken blood and transform stasis clear heat and relieve pain,knocks and falls fracture pain in chest and back windheat headache swelling pain in joints,not specified
h00230,aconitum karakolicum,manyroot monkshood,duo gen wu tou,,not specified,see aconitum carmichaeli,see aconitum carmichaeli,not specified
h00231,paeonia emodi,himalayanpeony,duo hua shao yao,,not specified,not specified,not specified,not specified
h00232,erigeron multiradiatus,multiradiate,duo she fei peng,,not specified,not specified,not specified,not specified
h00233,aloe spp,extracts of aloe spp,duo zhong lu hui ti qu wu,,not specified,not specified,not specified,not specified
h00234,herba centipedae,small centipeda herb,e bu shi cao,,not specified,to relieve nasal obstruction and cough,windcold common cold cough with profuse phlegm nasal congestion deepsource nasal congestion and runny nose,pungentwarm exteriorreleasing medicinal
h00235,cynanchum chinense,chinese swallowwort,e rong teng,,not specified,to clear heat and resolve toxin disperse accumulation and fortify stomach disinhibit water and disperse edema,child food accumulation child gan accumulation gastritis gastritis with edema duodenal ulcer wart,not specified
h00236,anthriscus sylvestris,woodland beakchervil,e shen,,not specified,to supplement spleen and boost qi disperse swelling,spleen vacuity and food distention stomachache lassitude in limbs cough and asthma due to lung vacuity senile nocturia blood ejection from knocks and falls,not specified
h00237,rhizoma curcumae,zedoray rhizome,e zhu,,warm pungent bitter,to promote the flow of qi and eliminate blood stasis with strong effect and to relieve pain by removing the stagnation of undigested food,1 its volatile oil and its components curcumenol curdione and belemene destroy directly the ehrlichascites tumor and leukemia615 in mice 2 promoting phagocytosis of monocytes 3 dilating peripheral blood vessels inhibiting aggregation of thrombocytes and thrombosis and improving microcirculation,blood activating stasis removing drugs
h00238,hedyotis auricularia,auricled hedyotis,er cao,,not specified,to clear heat and resolve toxin cool blood and disperse swelling,common cold with fever lung heat cough swelling pain in throat enteritis dysentery bleeding from hemorrhoids flooding and spotting poisonous snake bite mastitis swelling toxin of welling abscess and boil eczema knocks and falls,for promoting diuresis and penetrating dampness
h00239,catechu,cutch black catechu,er cha,,cool bitter punkery,to reduce toxic and to remove dampness,to arrest exudation promote the growth of new tissue and cure wounds,blood activating stasis removing drugs
h00240,herba potentillae discoloris,allgrass of discolor cinquefoil,fan bai cao,,not specified,1 to clear away heat and toxic material 2 to cool the blood and stop bleeding,cough and asthma due to lung heat diarrhea dysentery malaria hacking of blood blood ejection bloody stool flooding and spotting metrorrhagia and metrostaxis swelling toxin of welling abscess and sore scrofula,antipyretic detoxicate drugs
h00241,folium sene,sen leaf,fan xie ye,,sweet  bitter cold,to purge feces downward,heat bind and accumulation constipation w ith abdominal pain edema distention fullness,offensive purgative medicinal
h00242,radix saposhnikoviae divaricatae,root of divaricate saposhnikovia,fang feng,,minor warm pungent sweet,to induce diaphoresis to dispel wind to alleviate rheumatic conditions and to relieve spasm,migraine headache and generalized pain common cold rheumatoid arthritis externally contracted windcold winddamp impediment pain aching pain in joints abdominal pain and diarrhea intestinal wind bleeding tetanus wind papule itching sores,pungentwarm exteriorreleasing medicinal
h00243,eriocheir sinensis seu poramon,not specified,fang hai,,not specified,not specified,not specified,not specified
h00244,radix stephaniae tetrandrae,root of fourstamen stephania,fang ji,,cold pungent bitter,to cause diuresis and to relieve rheumatic conditions,beriberi with edema inhibited urination eczema sore toxin winddamp impediment pain hypertension adjuvant in anesthesia,winddampnessdispelling and heatclearing medicinal
h00245,smilax menispermoidea,gansu greenbrier,fang ji ye ba qia,,not specified,see smilax glabra ,see smilax glabra ,not specified
h00247,angelica furcijuga,furcate angelica,fen cha dang gui,,not specified,not specified,not specified,not specified
h00248,pueraria lobata var thomsonii,thomson kudzuvine,fen ge,,not specified,not specified,not specified,not specified
h00249,not specified,juglans regia,fen xin mu,,not specified,not specified,not specified,not specified
h00250,amberboa ramosa,ramose amberboa,fen zhi po ju,,not specified,not specified,not specified,not specified
h00251,petasites japonicus,japanese butterbur,feng dou cai,,not specified,to clear heat and resolve toxin dispel stasis and disperse swelling,swelling pain in throat swollen welling abscess and toxin of clove poisonous snake bite knocks and falls,not specified
h00252,nidus vespae,honeycomb,feng fang,,not specified,treatment of toothache due to caries sores ulcers mastitis scrofula ringworm tinea unguium,treatment of toothache due to caries sores ulcers mastitis scrofula ringworm tinea unguium,toxication reduction anthelmintic dampness removal and itching control
h00253,apis mellifera ligustica,propolis,feng jiao,,not specified,to eliminate inflammation and relieve pain moisten skin and engender flesh,gastric ulcer oral ulcer cervical erosion zoster psoriasis skin chap and pain clavus wound carcinoma,not specified
h00255,herba pteridis multifidae,all  grass of chinese brake,feng wei cao,,cold bitter neutral,1 to clear heat and toxic material 2 to cool the blood and stop bleeding,dysentery diarrhea stranguryturbidity vaginal discharge jaundice swelling toxin of clove sore throat impediment with nipple moth scrofula parotitis mastitis ardent fever and convulsion snake or insect bites blood ejection spontaneous external bleeding hematuria hematochezia bleeding due to external injury,antipyretic detoxicate drugs
h00256,pteris cretica var nervosa syn pteris nervosa ,nervous brake,feng wei jue,,not specified,to clear heat and disinhibit damp stanch bleeding and engender flesh resolve toxin and disperse swelling,diarrhea dysentery jaundice strangury syndrome edema coughing of blood hematuria hematochezia bleeding knife wound painful swelling from knocks and falls sore and welling abscess burns and scalds,not specified
h00257,herba speranskiae tuberculatae,allgrass of tubercultae speranskia,feng xian tou gu cao,,mild pungent bitter,for dispelling winddampness and dispersing coldness,not specified,winddampnessdispelling and colddispersing medicinal
h00258,not specified,ailanthi altissimae fructus,feng yan cao,,not specified,not specified,not specified,antipyretic detoxicate drugs
h00259,herba gnaphalii affinis,allgrass of cudweed,fo er cao,,cold pungent bitter,1 to promote diuresis and relieve jaundice for hemolytic disorders such as favism acquired autoimmune hemolysis lupus erythematosus hemolysis druginduced hemolysis  primaquine sulfamethoxypyridazine  smp  etc  paroxysmal noctural hemoglobinuria and some unknown causes also for icteric hepatitis usually used together with herba artemisae scopariae herba pteridis multifidae and herba plantaginis 2 to eliminate sputum relieve cough and dyspnea for productive cough and dyspnea of exogenous and endogenous origin 3 to lower blood pressure for hypertension,1 to promote diuresis and relieve jaundice for hemolytic disorders such as favism acquired autoimmune hemolysis lupus erythematosus hemolysis druginduced hemolysis  primaquine sulfamethoxypyridazine  smp  etc  paroxysmal noctural hemoglobinu,not specified
h00260,sedum lineare syn sedum obtusolineare ,linear stonecrop,fo jia cao,,not specified,to clear heat and resolve toxin disinhibit damp stanch bleeding,swelling pain in throat red eyes with gall heat toxin swollen welling abscess clove sore erysipelas herpes zoster burns and scalds poisonous snake bites jaundice dampheat dysentery hematochezia flooding and spotting bleeding due to external injury flat wart,not specified
h00261,citrus medica var sarcodactylis,finger citron,fo shou,,warm pungent bitter,to regulate the qi of the liver and stomach and relieve pain,stomachache distention in ribside vomiting dysphagiaocclusion phlegmrheum cough asthma,qi regulating drugs
h00262,poria,indian bread,fu ling,,mild sweet neutral,to cause diuresis to invigorate the spleen function and to calm the mind,neurasthenia disquieted heart spirit fright palpitation and insomnia insomnia pelvic inflammation edema scant urine with edema phlegmrheum dizziness reduced food intake due to spleen vacuity sloppy stool and diarrhea chronic diarrhea,diuretic dampness excreting drugs
h00263,not specified,rubi fructus,fu pen zi,,not specified,not specified,impotence with premature ejaculation emission infertility due to uterus cold frequent urination and enuresis dizziness and dim vision premature graying in beard and hair,astringent medicinal
h00264,herba spirodelae,allgrass of common ducksmeat,fu ping,,cold pungent,to dispel windheat to promote eruption and to cause diuresis,windheat exterior syndrome noneruption of measles dormant papules with pruritus edema dribbling urinary block sore and lichen erysipelas scalds,pungent cool diaphoretics
h00265,hibiscus rosasinensis,chinese hibiscus flower,fu sang hua,,not specified,to clear lung cool blood transform damp resolve toxin,lung heat cough hemoptysis nosebleedepistaxis flooding and spotting vaginal discharge dysentery red and white turbidity swelling toxin of welling abscess and sore,not specified
h00266,adonis amurensis,amur adonis,fu shou cao,,not specified,to strengthen heart disinhibit urine calm,cardiac insufficiency atrial fibrillation congestive cardiac failure edema due to heart disease cns depression,not specified
h00267,radix aconiti lateralis,common monkshood daughter root,fu zi,,extreme hot pungent sweet,to cause restoration from collapse to supplement body fire and reinforce yang and to dispel wind cold and damp,yan g collapse vacuity desertion cold limbs and faint pulse impotence uterus cold cold pain in heart and abdomen vacuity cold chronic diarrhea and dysentery yin cold edema yang vacuity external contraction windcolddamp impediment yin flat abscess and sores,warming interior drugs
h00268,radix glycyrrhizae,root of ural licorice,gan cao,,mild sweet,to reinforce the function of the spleen and replenish qi to remove heat and counteract toxicity to dispel phlegm and relieve cough to alleviate spasmodic pain and to moderate drug actions,1 its decoction can inhibit intestinal smooth muscles of rabbins in vitro but glycyrrhizin and glycyrrhetinic acid have no this effect2 possessing an adrenocorticomimetic effect3 its extract and glycyrrhizin exerts a detoxifying effect4 antitussive and antiasthmatic 5 glycyrrhizin has antiinflammatory effect similar to hydrocortisone,qi reinforcing drugs
h00269,radix glycyrrhizae uralensis,tip of licorice root,gan cao shao,,mild sweet,not specified,not specified,not specified
h00270,not specified,rhizoma glycyrrhizae uralensis,gan cao tou,,not specified,not specified,not specified,not specified
h00271,rehmannia glutinosa syn rehmannia glutinosa f huechingensis,adhesive rehmannia dried root,gan di huang,,not specified,to enrich yin and clear heat cool blood and supplement blood lower blood sugar levels,diabetes mellitus dermatitis rheumatism diphtheria acute tonsillitis febrile diseases with vexation and thirst steaming bone taxation fever warm disease macular eruption blood ejection due to blood heat spontaneous external bleeding due to blood heat flooding and spotting due to blood heat hematuria due to blood heat hematochezia due to blood heat anemia with yellow complexion palpitation and dizziness blood depletion and amenorrhea,not specified
h00272,pueraria thomsonii,thomson kudzuvine root,gan ge teng gen,,not specified,see pueraria lobata ,see pueraria lobata,not specified
h00274,brassica oleracea var capitata,cabbage,gan lan,,mild sweet sour punkery,to clear heat and disinhibit damp dissipate binds and relieve pain boost kidney and supplement vacuity,dampheat jaundice pain from ulcer in digestive tract stiffness in joints vacuity detriment,heat clearence
h00275,resina toxicodendri,dried lacquer,gan qi,,warm pungent bitter,treatment of amenorrhea and mass formation in the abdomen caused by blood stasis abdominal pain due to intestinal parasitosis,treatment of amenorrhea and mass formation in the abdomen caused by blood stasis abdominal pain due to intestinal parasitosis,blood activation and stasis removal
h00276,herba dracocephali tangutici,allgrass of tangut dragonhead,gan qing qing lan,,cold sweet bitter,not specified,not specified,not specified
h00277,radix seu rhizoma rdostachyos,rdostachys root,gan song,,warm pungent sweet,to regulate the flow of qi and relieve pain and to invigorate the spleen function,stomachache distention fullness in chest and abdomen headache hysteria beriberi,qi regulating drugs
h00278,scutellaria rehderiana,rehder skullcap,gan su huang qin,,not specified,see scutellaria baicalensis,see scutellaria baicalensis,not specified
h00279,crataegus kansuensis,kansu hawthorn,gan su shan zha,,not specified,see crataegus cuneata,see crataegus cuneata,not specified
h00280,radix kansui,root of gansui,gan sui,,cold bitter,to cause drastic purgation and expel the retained water,edema ascites flowing rheum in chest concretion conglomeration accumulation and gathering epilepsy cough and asthma urinar y and fecal stoppage,drastic purgatives
h00281,salvia przewalskii,przewalsk sage,gan xi shu wei cao,,not specified,see salvia miltiorrhiza ,see salvia miltiorrhiza ,not specified
h00283,not specified,ligustici rhizoma et radix,gao ben,,not specified,not specified,headache due to externally contracted windcold vertex headache pain in tooth and cheek migraine windcolddamp impediment pain in limbs,pungentwarm exteriorreleasing medicinal
h00284,sorbaria arborea,tree falsespiraea,gao cong zhen zhu mei,,not specified,see sorbaria sorbifolia ,see sorbaria sorbifolia ,not specified
h00285,macropiper excelsum,peppertree,gao da hu jiao,not specified,not specified,not specified,not specified,not specified
h00287,scutellaria altissima,tall skullcap,gao huang qin,,not specified,not specified,not specified,not specified
h00288,coffea excelsa,high coffee,gao ka fei,,not specified,not specified,not specified,not specified
h00289,radix ginseng korea,korea ginseng,gao li shen,,minor warm sweet slightly bitter,not specified,not specified,not specified
h00291,not specified,alpiniae officirum rhizome,gao liang jiang,,not specified,not specified,cold pain in stomach duct and abdomen vomiting diarrhea,warming interior drugs
h00292,radix puerariae,root of lobed kudzuvine,ge gen,,cool pungent sweet,to relieve fever to promote the production of body fluidto facilitate eruption and to arrest diarrhea,angina pectoris hypertension headache due to externally contracted windheat rigidity of neck thirst diabetes mellitus noneruption of measles heat dysentery diarrhea deafness in early stage optic nerve atrophy retinitis,pungentwarm exteriorreleasing medicinal
h00293,flos puerariae lobatae,flower bud of lobed kudzuvine,ge hua,,cool pungent sweet,to relieve fever to promote the production of body fluidto facilitate eruption and to arrest diarrhea,treatment of fever headache and stiffness of th nape in exogenous affections thirst diabetes measles with inadequate eruption acute dysentery or diarrhea stiff and painful nape in hypertension,pungent cool diaphoretics
h00294,concha meretricis seu cyclinae,clam shell,ge qiao,,cold bitter salty,treatment of cough chest pain and bloody sputum caused by heat in the lung scrofula goitre epigastric pain associated with acid regurgitation external use for eczema and scalds,treatment of cough chest pain and bloody sputum caused by heat in the lung scrofula goitre epigastric pain associated with acid regurgitation external use for eczema and scalds,not specified
h00295,actinidia rubricaulis var coriacea,coriaceousleaf actinidia,ge ye mi hou tao,,not specified,anticarcinoma,tumor,not specified
h00296,caulis mahoniae,stem of leatherleaf mahonia,gong lao mu,,cold bitter,to remove dimpheat quench fire and counteract toxicity,berberine is the main active component with an action similar to rhizoma coptidis another active component isotetrandrine is an anticarcinogenic agent,antipyretic detoxicate drugs
h00297,not specified,ilex cornuta lindl,gou gu gen,,not specified,not specified,not specified,not specified
h00298,ilex cornuta,chinese holly bark,gou gu shu pi,,not specified,to supplement yin boost liver and kidney strengthen lumbus and legs,liver kidney vacuity weakness in lumbus and knees,not specified
h00299,not specified,folium ilicis cornutae,gou gu ye,,not specified,not specified,yin vacuity taxation fever cough and hemoptysis dizzy head and vision limp aching lumbus and knees winddamp impediment pain white patch wind,asthenic heat dispelling drugs
h00300,not specified,ilex cornuta lindl,gou gu zi,,not specified,not specified,not specified,not specified
h00301,cudrania cochinchinensis,cochinchina cudrania,gou ji,,warm sweet bitter,to dispel wind and free network vessels clear heat and remove damp resolve toxin and disperse swelling,winddamp impediment pain knocks and falls jaundice parotitis phthisis gastric ulcer duodenal ulcer stranguryturbidity tympanites menstrual block taxation damage and coughing of blood clove sore and swollen welling abscess,for tonifying weakness
h00302,poncirus trifoliata,trifoliateorange,gou ju,,not specified,to break qi and dissipate binds course liver and resolve depression,binding depression of liver qi  mammary consumption mounting qi qi stagnation distention fullness in stomach duct and abdomen pain in stomach duct constipation prolapse of uterus prolapse of rectum,not specified
h00303,poncirus trifoliata,trifoliateorange young fruit,gou ju zhi shi,,not specified,see citrus aurantium,see citrus aurantium,not specified
h00304,not specified,fructus lycii,gou qi,,not specified,not specified,not specified,not specified
h00305,lycium chinense,chinese wolfberry rootbark equivalent plant lycium barbarum,gou qi gen pi,,not specified,to eliminate heat in blood lower vacuity heat,diabetes mellitus malaria tidal fever with night sweat child gan accumulation with fever cough and hemoptysis or dyspnea blood ejection spontaneous external bleeding,not specified
h00306,lycium chinense,chinese wolfberry leaf,gou qi ye,,not specified,to supplement vacuity and boost essence clear heat and allay thirst dispel wind and brighten eyes,vacuity taxation with fever vexation and thirst sore red eyes and clouded vision eye screen night blindness flooding vaginal discharge heat toxin sores,not specified
h00307,fructus lycii,fruit of chinese wolfberry,gou qi zi,,mild sweet,to benefit the liver and the kidney to replenish vital essence and to improve eyesight,lassitude in lumbus and knees emission dizziness and dim vision lung disease with cough diabetes mellitus,yintonifying medicinal
h00308,broussonetia papyrifera,common papermulberry,gou shu,,not specified,to dispel wind brighten eyes disinhibit urine,wind papules red eyes with gall inhibited urination dysuria,not specified
h00309,ramulus uncariae cum uncis,gambir plant,gou teng,,minor cold sweet,to remove heat subdue hyperactivity of the liver and arrest convulsions,infant fright wind and night crying exuberant heat stirring wind epilepsy of pregnancy liver yang dizziness liver fire headache,liverpacifying windextinguishing medicinal
h00310,ancistrocladus korupensis,ancistrocladus,gou zhi teng,,not specified,not specified,not specified,not specified
h00311,flos eriocauli,pipewort flower,gu jing cao,,mild sweet,to expel wind and heat and to clear the eye of corneal opacity,distended red eyes and screen delacrimation and photophobia night blindness headache deepsource nasal congestion throat impediment toothache wind papule itching,fire purging drugs
h00312,erythroxylum coca,coca shrub,gu ke,,not specified,not specified,not specified,not specified
h00313,rhizoma dryriae,rhizome of heartleaf dryria,gu sui bu,,warm bitter,to replenish the kidney to strengthen the bones to promote the healing of fracture and to relieve pain,kidney vacuity lumbago tinnitus and deafness tooth mobilizing wrenching and contusion from knocks and falls sinew and bone wound alopecia areata white patch wind,yang reinforcing drugs
h00314,not specified,drynaria fortunei kunze j sm,gu sui bu mao,,not specified,not specified,not specified,not specified
h00315,calycis melo,muskmelon base,gua di,,cold bitter,vomiting promotion,wind stroke epilepsy throat impediment indigestion of overnight food distending pain in stomach duct dampheat jaundice chronic hepatitis cirrhosis,emetic medicinal
h00316,not specified,phellodendri amurensis cortex,guan huang bo,,not specified,not specified,not specified,heatclearing and dampnessdrying medicinal
h00317,not specified,herbahypericiperforati,guan ye jin si tao,,not specified,not specified,not specified,astringent hemostatic medicinal
h00318,hypericum perforatum,st johns wort,guan ye lian qiao,,bitter sour cold,to promote astriction and stanch bleeding regulate menstruation and free milk clear heat and resolve toxin disinhibit damp,hemoptysis blood ejection intestinal wind bleeding flooding and spotting bleeding due to external injury menstrual disorder galactostasis jaundice throat pain red eyes with gall urinary tract infection mouth sore nose sores swelling toxin of welling abscess and boil burns and scalds,heat clearenceblood activation and stasis removal
h00319,rhizoma dryopteris crassirhizomae,root of chinese angelica,guan zhong,,minor cold bitter,1 to kill parasites 2 to clear heat and release toxins 3 to stop bleeding,windheat common cold warm heat macular eruption blood ejection hemoptysis spontaneous external bleeding hematochezia flooding and spotting blood dysentery vaginal discharge ancylostomiasis ascariasis oxyuria disease,antipyretic detoxicate drugs
h00320,glycyrrhiza glabra,licorice,guang guo gan cao,,not specified,see glycyrrhiza uralensis ,see glycyrrhiza uralensis ,not specified
h00322,not specified,pogostemon cablin blanco benth,guang huo xiang,,not specified,not specified,summerheatdamp lassitude oppression in chest vomiting diarrhea with abdominal pain deepsource nasal congestion and headache,dampness removing drugs
h00323,rubia wallichiana,wallich madder,guang jing qian cao,,not specified,see rubia cordifolia ,see rubia cordifolia,not specified
h00324,rauwolfia nitida,shining devilpepper,guang liang luo fu mu,,not specified,not specified,not specified,not specified
h00325,fructus choerospondiatis,fruit of axillary choerospondias,guang zao,,cold sour punkery,to promote the flow of qi and blood to replenish the heart and allay excitement,treatment of stagnation of qi and blood with pectoral pain palpitation and shortness of breath uneasiness in mind,blood activating stasis removing drugs
h00326,plastrum testudinis,tortoise plastron,gui ban,,cold sweet salty,treatment of hyperactivity of liver yang due to deficient yin of the liver and kidneys manifested as dizziness distension and pain in the head and blurred vision tortoise plastron guiban is used with white peony root baishao cyathula root niuxi seaear sh,treatment of hyperactivity of liver yang due to deficient yin of the liver and kidneys manifested as dizziness distension and pain in the head and blurred vision tortoise plastron guiban is used with white peony root baishao cyathula root niuxi,for tonifying weakness
h00327,colla carapacis et plastri testudinis,gelatin of tortoise plastron,gui ban jiao,,cold sweet salty,treatment of hyperactivity of liver yang due to deficient yin of the liver and kidneys manifested as dizziness distension and pain in the head and blurred vision tortoise plastron guiban is used with white peony root baishao cyathula root niuxi seaear sh,treatment of hyperactivity of liver yang due to deficient yin of the liver and kidneys manifested as dizziness distension and pain in the head and blurred vision tortoise plastron guiban is used with white peony root baishao cyathula root niuxi,for tonifying weakness
h00328,caragana jubata,shagspine peashrub,gui jian jin ji er,,not specified,to clear heat and resolve toxin lower blood pressure,mammary welling abscess swelling toxin of sore and boil hypertension,not specified
h00329,ramulus euonymi,twig of winged euonymus,gui jian yu,,cold bitter,for activating blood and modulating period,concretion and conglomeration pain in heart and abdomen amenorrhea dysmenorrhea postpartum stasis stagnation abdominal pain retention of lochia mounting qi  joint running impediment pain swelling of sores painful wound from knocks and falls burns and scalds poisonous snake bite,blood activating stasis removing drugs
h00330,ramulus euonymi,twig of winged euonymus,gui jin yu,,cold bitter,for activating blood and modulating period,not specified,blood activation and stasis removal
h00331,dysosma versipellis syn podophyllum versipelle ,common dysosma,gui jiu,,not specified,see dysosma pleiantha,see dysosma pleiantha ,not specified
h00332,not specified,folium sabinae chinensis,gui ye,,not specified,not specified,not specified,not specified
h00333,herba bidentis,allgrass of spanishneedles,gui zhen cao,,not specified,1 to clear the superficial heat 2 to clear heat and toxic materials 3 to clear dampness and heat from the gastrointestines,swelling pain in throat dysentery diarrhea jaundice intestinal welling abscess swelling toxin of clove sore snake or insect bites winddamp impediment pain knocks and falls,antipyretic detoxicate drugs
h00334,ramulus cinmomi,cassia twig,gui zhi,,warm pungent sweet,to induce perspiration to warm the channels and stimulate menstrual discharge to reinforce yang to relieve palpitation and to promote the descending of qi,windcold exterior syndrome colddamp impediment pain reversal cold of limbs amenorrhea and dysmenorrhea concretion and conglomeration chest impediment palpitation phlegmrheum inhibited urination,pungentwarm exteriorreleasing medicinal
h00335,morinda citrifolia,indianmulberry,hai ba ji,,not specified,to clear heat and resolve toxin,dysentery tuberculosis,not specified
h00336,acacia catechu,cutechu,hai er cha,,not specified,to contract damp close sores and engender flesh,enduring sores eczema mouth sore painful wound from knocks and falls bleeding due to external injury suppurative infection,not specified
h00338,concha cyclinae,clam shell,hai ge ke,,bitter  salty cold,1 treatment of phlegmheat cough manifested as cough with thick yellow sputum asthma chest pain and hypochondriac pain sea clam shell haigeke is used with costazia bone haifushi swallowwort rhizome baiqian mulberry bark sangbaipi capejasmine zhizi and trichosanthes fruit gualou 2 treatment of scrofula and goiter sea clam shell haigeke is used with laminaria kunbu seaweed haizao and ark shell walengzi in the formula hanhua wan,1 treatment of phlegmheat cough manifested as cough with thick yellow sputum asthma chest pain and hypochondriac pain sea clam shell haigeke is used with costazia bone haifushi swallowwort rhizome baiqian mulberry bark sangbaipi capejasmin,for desolving phlegm stopping cougth and soothing breathing
h00339,adenanthera pavonina,sandal beadtree,hai hong dou,,not specified,to course wind and clear heat dry damp and resolve itch moisten skin,wandering wind of head and face,not specified
h00340,spora lygodii,spore of japanese climbing fern,hai jin sha,,cold sweet,to promote diuresis and treat stranguria,heat strangury stone strangury blood strangury inhibited urination dysuria edema white turbidity vaginal discharge hepatitis diarrhea dysentery common cold with fever cough and asthma swelling pain in throat mouth sore red eyes with gall mumps mammary welling abscess erysipelas zoster burns and scalds itchy skin wound swelling from knocks and falls winddamp impediment pain bleeding due to external injury,diuretic dampness excreting drugs
h00341,cortex erythrie,bark of oriental variegated coralbean,hai tong pi,,mild pungent bitter,1 to dispel wind and dampness 2 to clear the meridians,winddamp impediment pain in lumbus and knees scab sore lichen eczema,winddampnessdispelling and heatclearing medicinal
h00342,sargassum,seaweed,hai zao,,cold salty,to soften indurated mass to eliminate phlegm and dissipate modulation and to induce diuresis,1 prevent and treat hypothyroidism caused by deficiency of iodine2 its aqueous infusion can lower blood pressure and inhibit the growth of trichophyton3 causing atrophy of mammary gland and decreasing milk secretion,phlegresolving medicine
h00343,herba ecliptae prostratae,eclipta,han lian cao,,cold sweet sour,for tonifying ying,not specified,for tonifying weakness
h00344,apium graveolens,wildcelery,han qin,,not specified,to calm liver clear heat dispel wind disinhibit water stanch bleeding resolve toxin lower blood pressure,hypertension hypercholesterolemia headache and dizziness red face and eyes blood strangury swollen welling abscess,not specified
h00345,apium graveolens var dulce,wildcelery variety,han qin bian zhong,,not specified,not specified,not specified,not specified
h00346,radix notoginseng,sanchi,han san qi,,warm pungent slightly bitter,treatment of hemoptysis hematemesis epistaxis hematochezia abnormal uterine bleeding traumatic bleeding pricking pain in the chest and abdomen traumatic swelling and pain,1 flavonoid glycoside one of its components increases coronary flow reduces myocardial oxygen consumption and lowers arterial pressure2cardiotonic on frogs hearts in vitro low concentration of its extract exerts a vasoconstrictive effect on the vessels of frogs leg and high concentration vasodilative3 its liquid extract shortens clotting time and exerts hemostatic effect in rabbit,bleeding control
h00347,calcitum,mirabilitum crystallina,han shui shi,,cold pungent salty,for clearing heat and purging fire,not specified,heat clearence
h00348,scutellaria indica,indian skullcap,han xin cao,,not specified,to clear heat and resolve toxin quicken blood and relieve pain stanch bleeding and disperse swelling,swollen welling abscess and toxin of clove pulmonary welling abscess intestinal welling abscess scrofula poisonous snake bite lung heat cough asthma toothache throat impediment sore pharynx pain in sinews and bones blood ejection hemoptysis hematochezia knocks and falls bleeding due to external injury itchy skin,not specified
h00349,mimosa pudica,sensitive plant,han xiu cao,,not specified,to cool blood and resolve toxin clear heat and disinhibit damp quiet spirit and calm,common cold infant ardent fever bronchitis hepatitis gastritis enteritis conjunctivitis calculus of urinary system edema taxation damage hemoptysis nosebleedepistaxis hematuria neurasthenia neurosis insomnia toxin swelling of sores zoster knocks and falls,not specified
h00350,angelica taiwaniana,taiwan angelica equivalent plant angelica dahurica cv qibaizhi,hang bai zhi,,not specified,to dispel wind and eliminate damp free orifices and relieve pain disperse swelling and expel pus,common cold with headache eyebrow bone pain toothache nasal congestion deepsource nasal congestion enduring diarrhea due to damp leukorrhea sores with welling abscess and flat abscess poisonous snake bites,not specified
h00351,flos chrysanthemi,chrysanthemum flower,hang ju,,minor cold sweet bitter,treatment of windheat type common cold headache and dizziness inflammation of the eye blurred vision,treatment of windheat type common cold headache and dizziness inflammation of the eye blurred vision,for relieving exterior syndrome
h00352,fructus carpesii,common carpesium fruit,he shi,,bitter  pungent  neutral,to kill parasites,treatment of ascarisis oxyuriais taeniasis abdominal pain or infantile malnutrition due to intestinal parasitosis,antiparasitic drugs
h00353,polygonum multiflorum,tuber fleeceflower,he shou wu,,cold minor warm sour bitter,to lower cholesterol enrich yin and nourish blood moisten intestines and free stool interrupt malaria dispel wind resolve toxin,backache neurasthenia hyperlipemia neurosis insomnia dizziness due to anemia palpitation limp aching lumbus and knees due to liver kidney yin vacuity premature graying in beard and hair tinnitus emission intestinal dry and constipation enduring malaria wind papule itching sore and welling abscess scrofula hemorrhoids,for tonifying weakness
h00354,semen juglandis,english walnut seed,he tao ren,,not specified,to tonify the kidney to warm the lung and to relax the bowels,it contains about 50 of fatty oil exerting antitussive effect,yang reinforcing drugs
h00355,folium nelumbinis,lotus leaf,he ye,,mild bitter,to relieve summerheat to invigorate the spleen function of the spleen and arrest bleeding by reducing heat in blood,summerheatheat vexation and thirst summerheatdamp diarrhea spleen vacuity diarrhea blood heat blood ejection spontaneous external bleeding hematochezia flooding and spotting,antipyretic detoxicate drugs
h00356,fructus chebulae,medicine termilia fruit,he zi,,mild sour bitter punkery,to check diarrhea and chronic cough and to soothe the sore throat,chronic diarrhea and dysentery hematochezia prolapse of rectum cough and asthma due to lung vacuity incessant cough aphonia due to throat pain,astringent medicinal
h00357,glycine max,black soyabean,hei da dou,,not specified,to quicken blood and disinhibit water dispel wind and resolve toxin fortify spleen and boost kidney,edema distention fullness wind toxin and beriberi jaundice edema kidney vacuity lumbago enuresis wind impediment and hypertonicity of sinews postpartum wind tetany clenched jaw swelling toxin of welling abscess and sore drug poisoning food poisoning,not specified
h00358,semen glycine max,black bean,hei dou,,mild sweet,not specified,not specified,yintonifying medicinal
h00360,tripterygium regelii,regel threewingnut,hei m an,,not specified,to dispel wind and eliminate damp disinhibit water and disperse edema resolve toxin and kill worms,rheumatoid arthritis jaundice glomus accumulation knocks and falls scrofula toxin swelling of sores tinea capitis itchy skin poisonous snake bite,not specified
h00361,valeriana amurensis,amur valeriana,hei shui xie cao,,not specified,see valeriana officinalis ,see valeriana officinalis ,not specified
h00363,scurrura atropurpurea,blackpurple scurrula,hei zi li guo ji sheng,,not specified,anticarcinoma,not specified,not specified
h00366,trifolium pratense,red clover,hong che zhou cao,,not specified,to clear heat and relieve cough dissipate binds and disperse swelling,common cold cough and asthma hard swelling burns,not specified
h00367,capsicum annuum,sweet pepper equivalent plant capsicum frutescens,hong hai jiao,,not specified,to warm center and dissipate cold precipitate qi and disperse food,stomach cold and qi stagnation distending pain in stomach duct vomiting diarrhea winddamp pain frostbite,not specified
h00368,not specified,herba hyperici,hong han lian,,not specified,not specified,not specified,not specified
h00369,flos carthami,safflower,hong hua,,warm pungent,to activate blood circulation and stimulate menstrual discharge and to remove blood stasis and relieve pain,amenorrhea dysmenorrhea retention of lochia angina pectoris cerebral thrombosis neurodermatitis concretion and conglomeration lump glomus knocks and falls swollen pain due to bleeding,blood activating stasis removing drugs
h00370,gentiana rhodantha,redflower gentian,hong hua long dan,,not specified,to clear heat and disinhibit damp cool blood and resolve toxin,cough and asthma due to lung heat consumption cough with phlegm and blood jaundice dysentery bloody stool inhibited urination postpartum fever infant fright wind gan accumulation toxin swelling of sores burns and scalds snake bite,not specified
h00371,meconopsis punicea,redflower meconopsis,hong hua lv rong hao,,not specified,to clear heat and resolve toxin disinhibit damp relieve pain,ardent fever tuberculosis pneumonia hepatitis dysmenorrhea leukorrhea dampheat edema headache hypertension,not specified
h00372,radix et rhizoma rhodiolae,all  grass of rhodiola,hong jing tian,,minor cold sweet punkery,for tonifying qi,not specified,for tonifying weakness
h00373,chamaenerion angustifolium syn epilobium angustifolium ,great willowherb firewood,hong kuai zi,,not specified,to disinhibit water and percolate damp rectify qi and disperse swelling quicken blood and regulate menstruation,edema diarrhea food accumulation distention and fullness menstrual disorder galactostasis scrotal enlargement itchpain in sore and papules,not specified
h00374,herba lagotidis,allgrass of shorttube lagotis,hong lian,,not specified,not specified,not specified,not specified
h00375,not specified,hedysari radix,hong qi,,not specified,not specified,to promote the drainage of pus and the growth of new tissue,qi reinforcing drugs
h00376,semen oryzae cum monasco fermentatum,red yeast rice,hong qu,,warm sweet,for activating blood and reducing pain,not specified,blood activation and stasis removal
h00377,radix ginseng rubra,red ginseng,hong shen,,warm mild bitter,replenish vital essence promote blood circualtion and relieve collapse to reinforce qi and to stanch bleeding,treatment of collpase tendency due to asthenia cool limbs and weak pulse qi cannot control blood uterine bleeding cardiac failure and cardiogenic shock,qi reinforcing drugs
h00378,magnolia officinalis,officinal magnolia equivalent plant magnolia biloba,hou po,,not specified,to dry damp and disperse phlegm precipitate qi and eliminate fullness lower blood pressure,amebic dysentery vomiting and diarrhea food accumulation and qi stagnation abdominal distention and constipation phlegmrheum cough asthma,not specified
h00379,not specified,flos magnoliae officinalis,hou po hua,,not specified,not specified,not specified,not specified
h00380,not specified,magnolia officinalis rehd et wils,hou po zi,,not specified,not specified,not specified,not specified
h00381,cortex magnoliae officilis,bark of officil magnolia,hou pu,,warm pungent bitter,to eliminate damp and relieve distension,1 broadspectrum antibacterial2 magnocurarine one of the active components can relaxstriated muscles3 its decoction stimulates the smooth muscles of intestines and bronchii in rabbits in vitro4 magnocuraine may also lower blood pressure and accelerate heart rate,dampness removing drugs
h00382,flos magnoliae offcinalis,officinal magnolia flower,hou pu hua,,not specified,treatment of feeling of stuffiness and distension in the chest and epigastrium with loss of appetite,treatment of feeling of stuffiness and distension in the chest and epigastrium with loss of appetite,not specified
h00383,saxifraga stolonifera,stem or leaf of fung waxplant,hu er cao,,cold pungent bitter,for clearing heat and removing toxic substances,wind papules eczema otitis media erysipelas cough with blood ejection pulmonary welling abscess flooding and spotting hemorrhoids,antipyretic detoxicate drugs
h00384,not specified,picrorhizae rhizoma,hu huang lian,,not specified,not specified,steaming bone tidal fever due to yin vacuity night sweating child gan accumulation indigestion abdominal distention and emaciation dysentery fever gastrointestinal dampheat diarrhea hemorrhoids,asthenic heat dispelling drugs
h00385,herba visci,colored mistletoe herb,hu ji sheng,,mild bitter,to relieve rheumatic conditions to replenish the liver and the kidney to strengthen the tendons and the bones and to prevent abortion,hypertension cerebral and cardiovascular diseases winddamp impediment pain limp aching lumbus and knees stirring fetus in pregnancy,winddampdispelling and sinewbonestrengthening medicinal
h00386,fructus piperis,pepper fruit,hu jiao,,hot pungent,to dispel cold from the stomach and to eliminate phlegm,vomiting with stomach cold abdominal pain and diarrhea inappetence convulsion epilepsy and profuse phlegm,warming interior drugs
h00387,not specified,trigonellae semen,hu lu ba,,not specified,not specified,hyperlipemia kidney vacuity cold cold pain in lesserabdomen mounting qi  beriberi,yang reinforcing drugs
h00388,tadehagi triquetrum,triquetrous tadehagi,hu lu cha,,not specified,to clear heat and resolve toxin disperse accumulation and disinhibit damp kill worms,common cold with fever swelling pain in throat nephritis icterohepatitis enteritis bacillary dysentery vomiting in pregnancy ancylostomiasis,not specified
h00389,rhodiola subopposita,oppositeleaf rhodiola,hu sheng hong jing tian,,not specified,not specified,not specified,not specified
h00391,rhizoma polygoni cuspidati,rhizome of gaint knotweed,hu zhang,,cold bitter,to dispel wind and damp to eliminate blood stasis and alleviate pain to relieve cough and to resolve phlegm,hyperlipemia impediment pain in joints dampheat jaundice toxic jaundice child jaundice amenorrhea hepatitis appendicitis candida vaginitis concretion and conglomeration cough with profuse phlegm burns and scalds knocks and falls swelling toxin of welling abscess and sore,diuretic dampness excreting drugs
h00392,fraxinus ornus,flowering ash,hua bai la shu,,not specified,not specified,not specified,not specified
h00393,radix trichosanthis,root of pedateleaf snakegourd,hua fen,,minor cold sweet slightly bitter,not specified,not specified,not specified
h00394,uncaria sinensis,chinese gambirplant,hua gou teng,,not specified,see uncaria rhynchophylla,see uncaria rhynchophylla,not specified
h00395,pericarpium zanthoxyli,pricklyash peel,hua jiao,,warm pungent,to warm the spleen and the stomach and relieve pain to kill worms and to relieve itching,spleenstomach vacuity cold cold pain in stomach duct and abdomen vomiting diarrhea abdominal pain and vomiting due to roundworm,warming interior drugs
h00396,exocarpium citri grandis,pummelo peel,hua ju hong,,mild bitter,to dispel cold eliminate damp and phlegm and arrest emesis or nausea,treatment of cough itching of the throat and profuse expectoration in colds nausea vomiting and epigastric distension caused by improper diet or excessive drinking,qi regulating drugs
h00397,actinidia glaucophylla,greyleaf actinidia,hua nan mi hou tao,,not specified,not specified,not specified,not specified
h00398,evodia austrosinensis,south china evodia,hua nan wu zhu yu,,not specified,not specified,not specified,not specified
h00399,ophicalcitum,ophicalcite,hua rui shi,,mild sour punkery,treatment of hemoptysis hematemesis traumatic bleeding and pain,treatment of hemoptysis hematemesis traumatic bleeding and pain,bleeding control
h00400,symplocos chinensis,chinese sweetleaf,hua shan fan,,not specified,to clear heat and resolve toxin transform phlegm and interrupt malaria free network vessels and relieve pain,common cold with fever diarrhea and dysentery swelling of sores and boils poisonous snake bites malaria pain in sinews and bones knocks and falls,not specified
h00401,testa arachidis hypogaeae,seminodermis arachidis,hua sheng yi,,mild sweet punkery,to stop bleeding by astringing bleeding and enrich blood,inhibiting fibrinolysis promoting thrombocytopoiesis and shortening the bleeding time,astringent hemostatic medicinal
h00402,schisandra sphenanthera,orange magnoliavine,hua zhong wu wei zi,,not specified,see schisandra chinensis ,see schisandra chinensis ,not specified
h00403,sophora japonica,ja panese pagoda tree root,huai gen,,not specified,to dissipate stasis and disperse swelling kill worms,hemorrhoids throat impediment ascariasis,not specified
h00404,flos sophorae,flower bud of japanese pagodatree,huai hua,,minor cold bitter,to arrest bleeding by reducing heat in blood and to quench excess fire in the liver,1 its component rutin decreases capillay permeability 2 lowering blood pressure transiently in anesthetized dog 3 inhibiting the growth of various dermatomyces,bloodcooling hemostatic medicinal
h00405,fructus sophorae,pod of japanese pagodatree,huai jiao,,minor cold bitter,for cooling blood and stopping bleeding,not specified,bloodcooling hemostatic medicinal
h00406,phellodendron amurense,amur corktree equivalent plant phellodendron chinense  phellodendron chinense var glabriusculum phellodendron amurense var wilsonii,huang bai,,cold bitter,to drain fire dispel damp and resolve toxin,dampheat dysentery tuberculosis epidemic meningitis acute conjunctivitis trachoma fever abdominal pain diarrhea suppurative hematochezia tenesmus jaundice yellow thick foul leukorrhagia swelling pain in knees and feet urinary tract infection boil sore ulcer eczema mouth sore hemorrhoids burns scalds exuberance of fire with tidal fever tidal fever with night sweat emission,heat clearence
h00407,cortex phellodendri,phellodendron bark,huang bo,,cold bitter,1 to clear heat and dry dampness 2 to reduce fire and release toxins,not specified,heatclearing and dampnessdrying medicinal
h00408,glycyrrhiza kansuensis,yellow licorice,huang gan cao,,not specified,see glycyrrhiza uralensis ,see glycyrrhiza uralensis,not specified
h00409,hypericum ascyron,giant stjohnswort,huang hai tang,,not specified,to cool blood and stanch bleeding quicken blood and regulate menstruation clear heat and resolve toxin,blood ejection due to blood heat hemoptysis hematuria hematochezia flooding and spotting knocks and falls bleeding due to external injury menstrual disorder dysmenorrhea galactostasis windheat common cold malaria hepatitis dysentery diarrhea poisonous snake bite scalds eczema yellowwater sore,not specified
h00410,lonicera fulvotomentosa,yellowhair honeysuckle,huang he mao ren dong,,not specified,see lonicera japonica ,see lonicera japonica ,not specified
h00411,patrinia scabiosaefolia,dahurian patrinia,huang hua bai jiang,,not specified,see patrinia villosa ,see patrinia villosa,not specified
h00412,artemisia annua,sweet wormwood equivalent plant artemisia apiacea,huang hua hao,,not specified,to clear heat resolve summerheat eliminate steam interrupt malaria,summerheatheat summerheatdamp damp warmth yin vacuity fever malaria jaundice,not specified
h00413,piptanthus nepalensis,greenleaf piptanthus evergreen laburnum,huang hua mu,,not specified,to clear liver and brighten eyes moisten intestines and free stool,headache due to externally contracted windheat conjunctivitis hypertension chronic constipation,not specified
h00414,rhizoma polygoti,rhizome of fragrant solomonseal,huang jing,,mild sweet,to reinforce qi and nourish yin to invigorate the function of the spleen to moisten the lung and to benefit the kidney,yin vacuity taxation cough lung heat dry cough fatigue hypodynamia due to spleen vacuity reduced food intake with dry mouth diabetes mellitus limp aching lumbus and knees due to kidney yin vacuity impotence and emission tinnitus and dim vision premature graying in beard and hair vacuity and marked emaciation wind lai lichen,yintonifying medicinal
h00416,rhizoma coptidis,rhizome of chinese goldthread,huang lian,,cold bitter,to remove dampheat quench fire and counteract toxicity,febrile infectious diseases dysentery blood ejection spontaneous external bleeding diphtheria infection of upper respiratory tract scarlatina typhoid fever acute conjunctivitis otitis media acute surgical infection septicemia hepatitis trichomoniasis eruptive dermatitis hypertension vexation and agitation clouded spirit with delirious speech dampheat glomus in chest dampheat diarrhea dysentery insomnia and vexation due to effulgent fire stomach heat vomiting swift digestion with rapid hungering red eyes with pain due to liver fire heat toxin sores clove sore running yellow gum swelling and pain mouth sore tongue sores genital swelling bleeding from hemorrhoids eczema scalds,heatclearing and dampnessdrying medicinal
h00417,pueraria calycina,yellowhairy calyx kudzuvine,huang mao ge,,not specified,not specified,not specified,not specified
h00418,radix astragali,root of membranous milkvetch,huang qi,,warm sweet,to reinoforce qi and invigorate the function of the spleen,common cold influenza chronic wound ulcer chronic glomerulonephritis diabetes mellitus due to internal heat qi vacuity edema chronic gastritis qi vacuity and hypodynamia reduced food intake and sloppy stool center qi fall chronic diarrhea prolapse of rectum hematochezia flooding and spotting spontaneous sweating due to exterior vacuity,qi reinforcing drugs
h00419,radix scutellariae,root of baikal skullcap,huang qin,,cold bitter,to remove dampheat to quench fire and counteract toxicity to arrest bleeding and to prevent abortion,chest oppression with retching diarrhea jaundice lung heat cough infection of upper respiratory tract acute tonsillitis acute pharyngolaryngitis ardent fever with vexation and thirst blood heat blood ejection spontaneous external bleeding swelling toxin of welling abscess and sore stirring fetus in pregnancy,heatclearing and dampnessdrying medicinal
h00420,abelmoschus manihot,setose abelmoschus,huang shu kui hua,,not specified,to disinhibit urine and free strangury quicken blood and stanch bleeding resolve toxin and disperse swelling,strangury syndrome blood ejection spontaneous external bleeding flooding and spotting  metrorrhagia and metrostaxis retention of afterbirth swollen welling abscess and sore toxin burns and scalds,not specified
h00421,rhizoma dioscoreae bulbiferae,rhizome of airpotato yam,huang yao zi,,cold bitter,to remove phlegm disperse the lumps detoxify and relieve swelling,goiter and tuberculosis throat impediment swelling toxin of welling abscess and sore poisonous snake bite carcinoma blood ejection spontaneous external bleeding hemoptysis pertussis lung heat cough,phlegresolving medicine
h00422,lupinus luteus,yellow lupin,huang yu shan dou,,not specified,not specified,not specified,not specified
h00423,foeniculum vulgare,fennel fruit,hui xiang,,warm pungent,to warm kidney and disperse cold rectify qi and harmonize stomach ,incarcerated hernia of intestine effusion of vaginal coat elephantiasis of scrotum cold mounting cold pain in lesserabdomen kidney vacuity lumbago stomachache vomiting beriberi,for warming interior
h00424,semen canbisfructus canbis,hemp seed,huo ma ren,,mild sweet,to cause taxation,blood and liquid depletion intestinal dry and constipation,laxatives
h00425,herba capsellae,allgrass of shepherdspurse,ji cai,,not specified,1 cool the blood and stop bleeding 2 clear away heat and promote diuresis 3 lower blood pressure,blood ejection spontaneous external bleeding hemoptysis hematuria flooding and spotting red eyes with gall eyeground hemorrhage hypertension red and white dysentery nephritis with edema chyluria,diuretic dampness excreting drugs
h00426,capsella bursa pastoris,shepherdspurse seed,ji cai zi,,not specified,to dispel wind and brighten eyes,eye pain eye screen cleareye blindness,not specified
h00427,glycyrrhiza echinata,echinate licorice,ji gan cao,,not specified,not specified,not specified,not specified
h00428,herba abri,canton lovepea vine,ji gu cao,,cool sweet slightly bitter,to remove toxic heat and to relieve the depressed liver and alleviate pain,icterohepatitis stomachache winddamp bone pain stasis pain from knocks and falls mammary welling abscess,diuretic dampness excreting drugs
h00429,flos celosiae cristatae,cockscomb flower,ji guan hua,,cool sweet,to arrest discharge,bleeding vaginal discharge diarrhea dysentery,astringent hemostatic medicinal
h00430,erythrina latissima,extremewide coralbean,ji kuan ci tong,,not specified,not specified,not specified,not specified
h00431,fructus tribuli,puncturevine caltrop fruit,ji li,,not specified,to subdue hyperactivity of the liver to promote blood circulation to dispel wind to clear the eye of opacity and to arrest itching,1 antitussive expectorant and antiasthmatic 2 its alcoholic infusion exerts hypotensive effect in anesthetized animals,liverpacifying windextinguishing medicinal
h00432,loropetalum chinense,chinese loropetalum,ji mu,,not specified,to clear heat and relieve cough promote contraction and stanch bleeding,angina pectoris senile bronchitis indigestion duodenal bleeding uterine bleeding lung heat cough hemoptysis spontaneous external bleeding hematochezia dysentery diarrhea flooding and spotting infection of skin,bleeding control
h00433,gallus gallus domesticus,chickens gizzard endothelium,ji nei jin,,mild sweet,to fortify spleen and disperse food rough essence and arrest emission disperse concretion and transform stone,indigestion food stagnation vomiting nausea diarrhea and dysentery child gan accumulation emission enuresis frequent urination calculus of urinary system gallstones amenorrhea with concretion and conglomeration throat impediment with nipple moth gan of teeth and gum mouth sore,food digestion
h00434,piper guineense,ashanti pepper,ji nei ya hu jiao,,not specified,not specified,not specified,not specified
h00435,rhodiola algida,algid rhodiola,ji shi hong jing tian,,not specified,not specified,not specified,not specified
h00436,plumbagella micrantha,littleflower plumbagella,ji wa cao,,not specified,to kill worms and relieve itch decay wart and mole,neurodermatitis psoriasis tinea capitis goosefoot wind foot lichen wart,not specified
h00437,reineckea carnea,pink reineckea,ji xiang cao,,not specified,to clear lung and relieve cough cool blood and stanch bleeding resolve toxin and disinhibit throat,lung heat cough hemoptysis blood ejection spontaneous external bleeding hematochezia swelling pain in throat red eyes and eye screen swollen welling abscess sore and boil,not specified
h00438,semen impatientis,seed of garden balsam,ji xing zi,,pungent bitter,to remove stagnation of qi eliminate blood stasis and soften hard masses,concretion and conglomeration lump glomus amenorrhea dysphagiaocclusion,blood activating stasis removing drugs
h00439,herba centellae,asiatic pennywort herb,ji xue cao,,warm slightly sweet bitter,to remove heat and damp to counteract toxicity and to cause subsidence of swelling,sand qi abdominal pain summerheatheat diarrhea dysentery dampheat jaundice sand strangury blood strangury blood ejection spontaneous external bleeding red eyes swollen throat wind papules scab and lichen swelling toxin of clove welling abscess knocks and falls hypertension,antipyretic detoxicate drugs
h00440,caulis millettiae caulis spatholobi,suberect spatholobus stem,ji xue teng,,warm sweet bitter,to enrich the blood to activate blood circulation and to remove obstruction of the channels and collaterals,treatment of menstrual disorders anemia numbness and paralysis rheumatic arthralgia,blood activating stasis removing drugs
h00441,kummerowia striata,striate kummerowia,ji yan cao,,not specified,to clear heat and resolve toxin fortify spleen and disinhibit damp quicken blood and stanch bleeding,common cold with fever summerheatdamp vomiting and diarrhea jaundice welling abscess boil and clove sores dysentery gan disease blood strangury coughing of blood spontaneous external bleeding knocks and falls red and white vaginal discharge,not specified
h00442,sinoadina racemosa syn adina racemosa ,racemose adina,ji zi mu,,not specified,not specified,not specified,not specified
h00443,bacopa monniera,coastal waterhyssop,jia ma chi xian,,not specified,to clear heat and cool blood resolve toxin and disperse swelling,dysentery red eyes with gall swelling pain from hemorrhoids elephantiasis,not specified
h00444,nerium indicum,sweetscented oleander,jia zhu tao,,not specified,to strengthen heart and disinhibit urine dispel phlegm and settle asthma settle pain dispel stasis,congestive cardiac failure cough and asthma epilepsy painful swelling from knocks and falls amenorrhea due to blood stasis,not specified
h00445,arnebia guttata,common arnebia,jia zi cao,,not specified,see lithospermum erythrorhizon ,see lithospermum erythrorhizon ,not specified
h00446,cassia acutifolia,sharpleaf senna leaf,jian ye fan xie ye,,not specified,see cassia angustifolia ,see cassia angustifolia ,not specified
h00447,epimedium sagittatum,sagittate epimedium,jian ye yin yang huo,,not specified,see epimedium brevicornum ,see epimedium brevicornum,not specified
h00448,perilla frutescens var acuta,acute common perilla leaf,jian zi su ye,,not specified,see perilla frutescens var arguta ,see perilla frutescens var arguta ,not specified
h00449,cortex zingiberis,ginger peel,jiang pi,,warm pungent,not specified,not specified,not specified
h00450,lignum dalbergiae odoriferae rosewood,odoriferous rosewood,jiang xiang,,warm pungent,to relieve pain by promoting the circulation of qi and blood and to arrest bleeding,shortening the plasma recalcification time in rabbits,qi regulating drugs
h00451,not specified,caulis et folium zingiberis officinali,jiang ye,,not specified,not specified,not specified,not specified
h00452,not specified,gynostemmae pentaphylli herba,jiao gu lan,,not specified,not specified,vacuity and hypodynamia septicemia hyperlipemia viral hepatitis chronic gastroenteritis chronic trachitis,qi reinforcing drugs
h00453,not specified,not specified,jiao san xian,,not specified,not specified,not specified,not specified
h00454,ceratostigma plumbaginoides,blue ceratostigma blue bluesnow,jiao zhu hua,,not specified,see ceratostigma willmottianum ,see ceratostigma willmottianum ,not specified
h00456,radix platycodi,platycodon root,jie geng,,mild pungent bitter,to relieve cought to soothe sore throat and to promote expectoration and discharge of pus,cough with profuse phlegm swelling pain in throat pulmonary welling abscess with hacking of pus and blood fullness in chest and ribside pain dysentery dribbling urinary block,phlegresolving medicine
h00457,sambucus williamsii,elder equivalent plant sambucus nigra,jie gu mu,,mild sweet bitter,to dispel wind and disinhibit damp quicken blood stanch bleeding,winddamp impediment pain pain wind osteoarthritis acute nephritis chronic nephritis wind papules knocks and falls swelling pain from fracture bleeding due to external injury,for dispelling winddampness
h00458,herba inulae,all  grass of japanese inula,jin fei cao,,warm salty,to relieve cough and dyspnea and eliminate retained phlegm,windcold cough phlegm congestion and qi counterflow glomus fullness in chest and diaphragm cough and asthma with abundant phlegm painful swelling from clove sore,phlegresolving medicine
h00459,actinidia chrysantha,goldflower actinidia,jin hua mi hou tao,,not specified,not specified,not specified,not specified
h00460,berberis wilsonae,wilson barberry,jin hua xiao bo,,not specified,to clear heat and dry damp drain fire and resolve toxin,bacillary dysentery dampheat diarrhea dysentery infection of upper respiratory tract lung heat cough urinary tract infection cholecystitis leukopenic complications of carcinoma jaundice red eyes with gall infant mouth sore heat toxin swollen welling abscess,not specified
h00462,flos trollii chinensis,flower of chinese globeflower,jin lian hua,,cold bitter,for clearing heat and removing toxic substances,common cold with fever swelling pain in throat mouth sore gum swelling and pain gum hemorrhage red eyes with gall swelling toxin of clove sore acute periostitis acute lymphangitis,antipyretic detoxicate drugs
h00463,cibotium barometz syn polypodium barometz ,scythian lamb,jin mao gou,,not specified,to strengthen lumbus and knees dispel winddamp disinhibit joints,kidney vacuity lumbar pain and back rigidity inability of legs and knees winddamp impediment pain frequent urination emission excessive leukorrhea,not specified
h00464,herba glechomae longitubae,christi loosestrife,jin qian cao,,minor cold sweet neutral,to remove dampheat relieve dysuria and to promote subsidence of swelling,increasing biliary secretion,diuretic dampness excreting drugs
h00465,rhizoma fagopyri cymosi,wild buckwheat rhizome,jin qiao mai,,not specified,1 its extractum and component flavanol promotes macrophage phagocytosis in the peritoneum of mouse2 flavanol is also an antiinflammatory component it promotes blood circulation and inhibits the agglutination of blood platelet,1 to clear heat and toxic material for lung abscess cough due to lungheat also for sorethroat and skin infection 2 to promote blood circulation to eliminate blood stasis for menorrhalgia due to blood stasis postpartum abdominal pain due to blood,antipyretic detoxicate drugs
h00466,hypericum patulum,spreading stjohnswort,jin si mei,,not specified,to clear heat and rectify damp resolve toxin course liver and free network vessels dispel stasis and relieve pain,dampheat strangury hepatitis common cold tonsillitis mounting qi with unilateral sagging of one testicle pain in sinews and bones knocks and falls,not specified
h00467,craibiodendron yunnanese,yunnan craibiodendron,jin ye zi,,not specified,to dispel wind and quicken blood free network vessels and relieve pain,impediment pain hemiplegia knocks and falls,not specified
h00468,flos lonicerae,honeysuckle flower,jin yin hua,,cold sweet,to remove toxic heat and dispel windheat,infection of upper respiratory tract tonsillitis acute laryngitis skin suppurations welling abscess viral conjunctivitis influenza pneumonia mastitis acute appendicitis warm disease fever heat toxin blood dysentery swollen welling abscess and clove sores throat impediment,antipyretic detoxicate drugs
h00469,fructus rosae laevigatae,fruit of cherokee rose,jin ying zi,,mild sour punkery,1 to control the essence 2 to astringe the intestines and stop diarrhea 3 to decrease urination,emission enuresis and frequent urination flooding and spotting with vaginal discharge chronic diarrhea and dysentery,astringent medicinal
h00470,radix euphorbia pekinensis,peking euphorbia root,jing da ji,,not specified,to cause drastic purgation,treatment of anasarca hydrothorax and ascites with dyspnea constipation and oliguria,drastic purgatives
h00471,herba schizonepetae,allgrass of fineleaf schizonepeta,jing jie,,minor warm pungent,to induce diaphoresis to dispel wind and to promote eruptions,common cold with fever headache itchy eye cough swelling pain in throat measles papules wind papules swollen welling abscess sore and scab throat pain conjunctivitis child measles spontaneous external bleeding blood ejection hematochezia flooding and spotting postpartum blood dizziness,pungentwarm exteriorreleasing medicinal
h00472,not specified,radix schizomepetae tenuifoliae,jing jie gen,,not specified,not specified,not specified,not specified
h00473,actinidia callosa var henryi,henry actinidia,jing li mi hou tao,,not specified,to clear heat disinhibit damp disperse edema relieve pain,dampheat edema intestinal welling abscess swelling toxin of welling abscess and sore,not specified
h00474,not specified,rhizome fagopyri dibotryis,jing qiao mai,,not specified,not specified,not specified,not specified
h00475,not specified,sedum aizoon l,jing tian san qi,,not specified,not specified,not specified,stasisresolving hemostatic medicinal
h00477,aspongopus,stinkbug,jiu xiang chong,,warm salty,treatment of epigastric pain with distension due to cold in the stomach or due to stagnation of qi in the liver and stomach impotence and aching of the loins and knees in deficiency syndromes of kidney,treatment of epigastric pain with distension due to cold in the stomach or due to stagnation of qi in the liver and stomach impotence and aching of the loins and knees in deficiency syndromes of kidney,regulation of qi
h00478,flos chrysanthemi,chrysanthemum flower,ju hua,,minor cold pungent sweet bitter,to dispel windheat to subdue hyperactivity of the liver and improve eyesight,angina pectoris hypertension externally contracted windheat wind warmth fever and headache dizziness common cold red eyes red eyes with gall swelling toxin of clove sore,pungent cool diaphoretics
h00479,herba cichorii,chicory herb,ju ju,,not specified,to remove heat from the liver to stimulate the discharge of bile to promote digestion and increase appetite and to cause diuresis,treatment of jaundice caused by dampheat epigastric pain with impairment of appetite edema with oliguria,external medicinal draw out toxin resolve putridity
h00480,citrus reticulata,tangerine pericarp,ju pi,,warm pungent bitter,to rectify qi and downbear counterflow regulate center and increase appetite dry damp and transform phlegm,spleenstomach qi stagnation and damp obstruction lung qi block cough with profuse phlegm mammary welling abscess indigestion vomiting,regulation of qi
h00481,folium citri tangerie,tangerine leaf,ju ye,,mild pungent bitter,regulation of qi,not specified,qi regulating drugs
h00483,herba selaginellae,aalgrass of tamariskoid spikemoss,juan bai,,mild pungent,to promote blood circulation and to stimulate menstrual dischargeherba selaginellae carbonized to remove blood stasis and to arrest bleeding,amenorrhea concretion and conglomeration knocks and falls abdominal pain asthma raw blood ejection hematuria hematochezia prolapse of rectum scorchfry,stasisresolving hemostatic medicinal
h00484,semen cassiae,cassia seed,jue ming zi,,sweet  bitter slightly cold,to remove heat from the liver to improve eyesight and to relax bowels,see cassia obtusifolia,fire purging drugs
h00485,piper methysticum,kava pepper,ka wa hu jiao,,not specified,not specified,not specified,not specified
h00487,tagetes patula,french marigold,kong que cao,,not specified,to clear heat and disinhibit damp suppress cough,cough dysentery,not specified
h00488,ulva pertusa,pertusate ulva frond,kong shi chun,,not specified,see ulva lactuca,see ulva lactuca,not specified
h00489,herba corydalis bungeae,all  grass of bunge corydalis,ku di ding,,cold pungent bitter,not specified,influenza infection of upper respiratory tract tonsillitis infective hepatitis enteritis dysentery nephritis parotitis conjunctivitis acute appendicitis clove sore and swollen welling abscess scrofula,antipyretic detoxicate drugs
h00491,sophora alopecuroides,foxtaillike sophora,ku dou zi,,not specified,to clear heat and dry damp kill worms and relieve pain,dysentery stomachache excessive leukorrhea eczema sore and boil intractable lichen,not specified
h00492,herba sophorae alopecuroidis,root of foxtail  like sophora,ku gan cao,,not specified,1 to clear heat and toxic material deprive dampness and kill parasites for sorethroat dysentery trichomonas enteritis toothache stomachache and leucorrhagia external use for tinea and eczema 2 to relieve dyspnea and cough 3 anticarcinogenic for malignant hydatidiform mole chorionic epithelioma and leukemia,1 to clear heat and toxic material deprive dampness and kill parasites for sorethroat dysentery trichomonas enteritis toothache stomachache and leucorrhagia external use for tinea and eczema 2 to relieve dyspnea and cough 3 anticarcinogenic f,not specified
h00493,conyza blinii,blin conyza,ku hao,,not specified,to clear heat and resolve toxin drain fire and stanch bleeding,chronic trachitis tonsillitis pharyngolaryngitis stomatitis nephritis icterohepatitis conjunctivitis otitis media sores toothache nosebleedepistaxis hematochezia flooding and spotting bleeding due to external injury,not specified
h00494,fagopyrum tataricum,tartarian buckwheat,ku qiao mai,,not specified,not specified,not specified,not specified
h00495,radix sophorae flavescentis,root of lightyellow sophora,ku shen,,cold bitter,to remove heat and damp to kill parasites and to cause diuresis,arrhythmia otitis media acute conjunctivitis chronic conjunctivitis trichomoniasis septicemia edema dampheat diarrhea intestinal wind bleeding acute jaundice inhibited urination vaginal discharge pudendal itch scab and lichen leprosy itchy skin eczema damp toxin sore suppurative nest sore,heatclearing and dampnessdrying medicinal
h00496,sophora flavescens syn sophora angustfolia,lightyellow sophora seed,ku shen shi,,not specified,to clear heat and resolve toxin free stool kill worms,acute bacillary dysentery constipation ascariasis,not specified
h00497,semen armeniacae amarum,bitter apricot seed,ku xing ren,,minor warm bitter,to relieve cough and asthma and to relax bowels,treatment of cough and asthma accompanied by stuffiness in the chest and profuse expectoration constipation due to deficiency of blood and fluid,antitussive antiasthmetics
h00498,phlomis tuberosa,tuberousroot jerusalemsage,kuai jing cao su,,not specified,to resolve toxin and disperse swelling quicken blood and regulate menstruation,menstrual disorder syphilis swelling of sores,not specified
h00499,flos farfarae,flower bud of common coltsfoot,kuan dong hua,,cool pungent slightly bitter,to relieve cough and resolve phlegm to nourish the lung to keep the adverse qi downward,cough cough and asthma with abundant phlegm consumption cough and hemoptysis chronic bronchitis infection of upper respiratory tract tuberculosis,antitussive antiasthmetics
h00500,typha latifolia,broadleaf cattail pollen,kuan ye xiang pu,,not specified,see typha angustata ,see typha angustata ,not specified
h00501,tripterygium hypoglaucum,glaucousback threewingnut,kun ming shan hai tang,,not specified,to dispel wind and eliminate damp quicken blood and stanch bleeding soothe sinews and joint bones resolve toxin and kill worms,rheumatic arthritis winddamp impediment pain hemiplegia mounting qi  dysmenorrhea profuse menstruation postpartum abdominal pain incessant bleeding acute infectious hepatitis chronic nephritis erythematous lupus fracture medullitis bone tuberculosis epididymis tubercle sore toxin psoriasis neurodermatitis,not specified
h00502,actinidia latifolia,broadleaf actinidia,kuo ye mi hou tao,,not specified,to boost qi and nourish yin,enduring illness vacuity tuberculosis,not specified
h00503,fructus capsici,hot pepper,la jiao,,hot pungent,not specified,see capsicum annuum,external medicinal draw out toxin resolve putridity
h00504,raphanus sativus,garden radish,lai fu,,not specified,to disperse food precipitate qi transform phlegm stanch bleeding allay thirst disinhibit urine,indigestion food accumulation distention and fullness hyperchlorhydria vomiting diarrhea dysentery constipation phlegmheat cough hemoptysis blood ejection spontaneous external bleeding hematochezia diabetes mellitus stranguryturbidity sores stasis swelling due to injury scalds frostbite,not specified
h00505,semen raphani,radish seed,lai fu zi,,mild pungent sweet,to promote digestion and relieve abdominal distension and to relieve cough and resolve phlegm,food stagnation distending pain in stomach duct constipation accumulation and diarrhea phlegm congestion cough asthma,digestants
h00506,brandisia hancei,hance brandisia,lai jiang teng,,not specified,to dispel wind and disinhibit damp clear heat and resolve toxin,winddamp pain in sinew and bone edema diarrhea jaundice taxation damage and blood ejection medullitis periostitis sore and boil,not specified
h00507,extractum piri laiyanensis,not specified,lai yang li qing gao,,not specified,not specified,not specified,not specified
h00508,isodon japonica var glaucocalyx,bluesepal rabdosia,lan e xiang cha cai,,not specified,not specified,not specified,not specified
h00509,not specified,herba bidentis tripartitae,lang ba cao,,not specified,not specified,not specified,not specified
h00510,bidens tripartita,bur beggarticks,lang pa cao,,not specified,to clear heat and resolve toxin disinhibit damp free menstruation,lung heat cough hemoptysis swelling pain in throat red and white dysentery jaundice menstrual disorder amenorrhea child gan accumulation scrofula eczema lichen sore poisonous snake bite,not specified
h00511,herba erodiiherba geranii,all  grass of common herons bill,lao guan cao,,mild pungent bitter,to remove obstruction of channels and collaterals relieve rheumatic conditions and arrest diarrhea,winddamp impediment pain hypertonicity and numbness aching sinews and bones diarrhea and dysentery,winddampnessdispelling and colddispersing medicinal
h00512,acanthus ilicifolius,hollyleaf acanthus,lao shu le,,not specified,to clear heat and resolve toxin transform phlegm and disinhibit damp dissipate stasis and relieve pain,mumps scrofula liver spleen enlargement stomachache taxation damage in lumbar muscle phlegmheat cough asthma jaundice white turbidity acute hepatitis chronic hepatitis,not specified
h00513,radix tripterygii wilfordii,root of common htreewingnut,lei gong teng,,cold bitter,to expel winddampness relieve swelling alleviate pain and dredge the meridian passage,rheumatoid arthritis rheumatic arthritis glomerulonephritis nephropathy syndrome erythematous lupus dryness in eyes and mouth behcets syndrome psoriasis eczema leprosy scab sore intractable lichen,winddampnessdispelling and colddispersing medicinal
h00514,viscum angulatum,angulate mistletoe,leng zhi hu ji sheng,,not specified,to dispel winddamp strengthen sinews and bones relieve cough disperse swelling lower blood pressure,winddamp impediment pain aching in lumbus and legs cough hemoptysis stomachache stirring fetus disquieted sore and boil hypertension,not specified
h00515,scutellaria likiangensis,likiang skullcap,li jiang huang qin,,not specified,see scutellaria baicalensis,see scutellaria baicalensis,not specified
h00516,ephedra likiangensis,likiang ephedra,li jiang ma huang,,not specified,see ephedra sinica,see ephedra sinica,not specified
h00517,peucedanum govanianum var bicolo,likiang hogfennel,li jiang qian hu,,not specified,not specified,not specified,not specified
h00518,pericarpium pyri,pericarp of bretschneider pear,li pi,,cool sweet slightly sour,not specified,not specified,not specified
h00519,semen litchi,litchi seed,li zhi he,,warm sweet punkery,to promote the flow of qi and the subsidence of induration and to dispel cold and relieve pain,mounting qi pain painful swollen testes premenstrual abdominal pain postpartum abdominal pain,qi regulating drugs
h00520,receptaculum nelumbinis,lotus receptacle,lian fang,,not specified,to remove blood stasis and arrest bleeding,treatment of abnormal uterine bleeding hematurial hemorrhoidal bleeding postpartum blood stasis lochiorrhea,astringent hemostatic medicinal
h00521,fructus forsythiae,weeping forsythia capsule,lian qiao,,minor cold bitter,to remove toxic heat to cause subsidence of sweelingand to eliminate modulation,influenza in early stage common cold in early stage windheat common cold encephalitis hepatitis tuberculosis warm disease heat strangury with inhibited pain welling abscess welling abscess and flat abscess toxin swelling scrofula goiter and tuberculosis throat impediment,antipyretic detoxicate drugs
h00522,stamen nelumbinis,lotus stamen,lian xu,,minor warm sweet punkery,to astringe the kindey and arrest spontaneous emission,treatment of seminal emission spermatorrhea excessive leukorrhea frequent urination,astringent medicinal
h00523,plumula nelumbinis,lotus plumule,lian zi xin,,mild sweet punkery,to remove heat from the heart and calm the nerves to restore the coordination between the heart and the kidney to check emission and to arrest bleeding,heat entering pericardium clouded spirit with delirious speech noninteraction of heart and kidney insomnia and emission blood ejection due to blood heat hypertension,astringent medicinal
h00524,radix zanthoxyli,shinyleaf pricklyash root,liang mian zhen,,mild pungent bitter,to promote the flow of qi relieve pain to eliminate blood stasis to promote blood circulation and dispel wind,treatment of traumatic injury rheumatic arthralgia stomachache teethache bitten by venomous snake applied for burn caused by hot liquid or fire,winddampnessdispelling and colddispersing medicinal
h00525,rhododendron huianum,not specified,liang shan du juan,,not specified,not specified,not specified,not specified
h00526,folium polygoni tinctorii,indigoplant leaf,liao da qing ye,,not specified,to remove toxic heat and to cause subsidence of eruptions by reducing heat in blood,treatment of fever and eruptions in epidemic diseases cough and asthma due to heat in the lung inflammation of the throat mnmps erysipelas carbuncle,antipyretic detoxicate drugs
h00527,crataegus sanguinea,redhaw hawthorn,liao ning shan zha,,not specified,see crataegus cuneata,see crataegus cuneata,not specified
h00528,not specified,lysimachiae foenigraeci herba,ling ling xiang,,not specified,not specified,not specified,pungentwarm exteriorreleasing medicinal
h00529,rhododendron mariae,lingnan rhododendron,ling nan du juan,,not specified,to dispel phlegm and relieve cough disperse swelling and relieve pain,cough of profuse phlegm asthma knocks and falls mouthlever nape sore nuchal phlegmon,not specified
h00530,flos campsis,flower of common trumpetcreeper,ling xiao hua,,minor cold pungent,to promote blood circulation and remove blood stasis to remove heat from the blood and dispel wind,treatment of amenorrhea with mass in the abdomen swelling of breast after childbirth rubella red in colour itching acne,blood activating stasis removing drugs
h00531,not specified,herba siphonostegiae chinensis,ling yin chen,,not specified,not specified,not specified,not specified
h00532,ganoderma lucidum seu japonicum,lucid ganoderma,ling zhi,,mild sweet,not specified,hyperlipemia coronary heart disease angina pectoris septicemia carcinoma hepatitis vacuity taxation palpitation insomnia dizziness fatigue hypodynamia enduring cough and asthma chronic bronchitis silicosis,qi reinforcing drugs
h00533,herba artemisiae anomalae,siphonostegia,liu ji nu,,warm bitter,treatment of 1 blood stagnation manifested as dysmenorrhea amenorrhea postpartum abdominal pain or swelling and pain due to external injuries siphonostegia liujinu is used with chinese angelica root danggui corydalis tuber yanhusuo and chuanxiong rhizome chuanxiong 2 hemorrhages and pain due to external injuries the powder of siphonostegia liujinu is used alone externally,treatment of 1 blood stagnation manifested as dysmenorrhea amenorrhea postpartum abdominal pain or swelling and pain due to external injuries siphonostegia liujinu is used with chinese angelica root danggui corydalis tuber yanhusuo and chuanxi,blood activation and stasis removal
h00534,massa medicata fermentata,medicated leaven,liu shen qu,,warm pungent sweet,treatment of retention of food manifested as epigastric and abdominal distension and fullness no appetite gurgling sound and diarrhea medicated leaven shenqu is used with hawthorn fruit shanzha and germinated barley maiya,treatment of retention of food manifested as epigastric and abdominal distension and fullness no appetite gurgling sound and diarrhea medicated leaven shenqu is used with hawthorn fruit shanzha and germinated barley maiya,food digestion
h00535,ixora chinensis,chinese ixora,long chuan hua,,not specified,to clear heat and cool blood dissipate stasis and relieve pain,hypertension menstrual disorder amenorrhea knocks and falls swelling of sores and boils,not specified
h00536,not specified,gentiae radix et rhozima,long dan,,not specified,not specified,acute icterohepatitis urinary tract infection acute conjunctivitis dribbling pain of urination dampheat jaundice genital swelling and itch dampheat vaginal discharge distended head and headache due to livergallbladder repletion fire red eyes with gall deafness swelling in ear pain in ribside bitter taste fright wind and convulsion,heatclearing and dampnessdrying medicinal
h00537,os draconis,dragons bone fossilized bone,long gu,,mild sweet punkery,treatment of 1 deficient yin of the liver and kidneys with hyperactive yang of the liver manifested as dizziness vertigo blurred vision or irritability dragons bone longgu is used with oyster shell muli red ochre daizheshi and white peony root baishao in the formula zhengan xifeng tang 2 seminal emissions due to deficient kidneys dragons bone longgu is used with oyster shell muli flattened milkvetch seed shayuanzi and euryale seed qianshi 3 palpitations and insomnia dragons bone longgu is used with oyster shell muli polygala root yuanzhi and wild jujube seed suanzaoren 4 leukorrhea due to deficient kidneys dragons bone longgu is used with oyster shell muli dioscorea shanyao and cuttlefish bone wuzeigu 5 spontaneous sweating and night sweating dragons bone longgu is used with oyster shell muli and schisandra fruit wuweizi,treatment of 1 deficient yin of the liver and kidneys with hyperactive yang of the liver manifested as dizziness vertigo blurred vision or irritability dragons bone longgu is used with oyster shell muli red ochre daizheshi and white peony roo,spirit calming
h00538,solanum nigrum l,solanum nigrum linn,long kui,,not specified,not specified,clove sore swollen welling abscess erysipelas sprain from knocks and falls mastitis cervicitis chronic bronchitis chronic trachitis acute nephritis dysentery infection of skin leukorrhea scant urine in children,antipyretic detoxicate drugs
h00539,solanum nigrum l,semen solani nigri,long kui zi,,not specified,not specified,not specified,not specified
h00541,clerodendron cyrtophyllum,manyflower glorybower leaf,lu bian qing,,not specified,to clear heat and resolve toxin cool blood and stanch bleeding,febrile diseases due to external contraction exuberant heat and vexation thirst swelling pain in throat mouth sore jaundice heat toxin dysentery acute enteritis swelling toxin of welling abscess and flat abscess spontaneous external bleeding blood strangury bleeding due to external injury,not specified
h00542,rhaponticum carthamoides,redflowered swisscentaury,lu cao,,not specified,to boost qi and fortify spleen quiet spirit,fatigue hypodynamia inappetence neurasthenia,not specified
h00543,rhizoma phragmitis,reed rhizome,lu gen,,cold sweet,to remove heat to promote the production of body fluid to relieve emesis and to alleviate dysuria,febrile diseases with vexation and thirst stomach heat vomiting lung heat cough pulmonary welling abscess heat strangury with inhibited pain,fire purging drugs
h00544,aloe,aloe,lu hui,,cold bitter,1 to purge feces 2 to clear heat in the liver 3 to kill worms,constipation child gan accumulation ascariasis fright wind lichen,offensive purgative medicinal
h00545,cornu cervi,deer horn,lu jiao,,warm salty,for tonifying yang,not specified,for tonifying weakness
h00546,fructus liquidambaris,fruit of beautiful sweetgum,lu lu tong,,mild bitter,to dispel wind and remove obstruction from the collaterals to cause diuresis and to stimulate menstrual discharge,winddamp impediment pain numbness in limbs hypertonicity of limbs pain in stomach duct and abdomen amenorrhea galactostasis edema distention fullness eczema,winddampnessdispelling and colddispersing medicinal
h00547,pyrrosia sheareri,shearers pyrrosia frond,lu shan shi wei,,not specified,see pyrrosia lingua,see pyrrosia lingua,not specified
h00548,isodon rubescens var lushanensis,lushan rabdosia,lu shan xiang cha cai,,not specified,not specified,not specified,not specified
h00549,isodon rubescens var lushiensis,lushien rabdosia,lu shi dong ling cao,,not specified,not specified,not specified,not specified
h00550,herba pyrolae chinensis,allgrass chinese pyrola,lu xian cao,,warm sweet bitter,to relieve rheumatic conditions to strengthen the tendons and bones and to arrest bleeding,pulmonary infection intestinal infection urinary tract infection infant diarrhea acute dysentery winddamp impediment pain lassitude in lumbus and knees profuse menstruation enduring cough,winddampnessdispelling and colddispersing medicinal
h00551,apocynum venetum,dogbane,luo bu ma,,mild  astringent slightly cold,to clear heat and calm liver disinhibit water and disperse edema check hyperactivity lower blood pressure,cardiac failure hypertension edema cirrhosis with ascites edema in pregnancy dizziness headache palpitation insomnia scant urine with edema chronic bronchitis influenza,for calming liver and containing wind
h00552,rauvolfia verticillata,common devilpepper equivalent plant rauvolfia verticillata var hainanensis  rauwolfia latifrons rauwolfia perakensis rauvolfia vomitoria rauvolfia verticillata f rubrocarpa,luo fu mu,,not specified,to clear heat lower blood pressure quiet spirit,common cold with fever headache and generalized pain swelling pain in throat hypertension dizziness insomnia gan accumulation,not specified
h00553,fructus momordicae,grosvenor momordica fruit,luo han guo,,cool sweet,to remove heat moisten the lung and relax the bowels,lung heat dry cough common cold throat pain laryngitis aphonia due to throat pain intestinal dry and constipation,phlegresolving medicine
h00554,arachis hypogaea,peanut,luo hua sheng,,not specified,to fortify spleen and nourish stomach moisten lung and transform phlegm,stomach reflux scant breast milk beriberi lung heat dry cough dry stool,not specified
h00555,arachis hypogaea,peanut branchleaf,luo hua sheng zhi ye,,not specified,to clear heat and resolve toxin quiet heart and spirit lower blood pressure,knocks and falls sore toxin,not specified
h00556,caulis trachelospermi,stem of chinese starjasmine,luo shi teng,,minor cold bitter,to dispel wind and remove obstruction from the channels and to remove heat from blood and cause subsidence of swelling,winddamp impediment pain hypertonicity of sinews and vessels aching in lumbus and knees throat impediment swollen welling abscess knocks and falls,winddampnessdispelling and heatclearing medicinal
h00557,alhagi pseudalhagi,manaplant alhagi sweet secretion,luo tuo ci,,not specified,to clear heat and resolve toxin disperse swelling and relieve pain,steaming bone vexation thirst blood dysentery diarrhea abdominal pain headache,not specified
h00558,not specified,spirulina major kuetz,luo xuan zao,,not specified,not specified,not specified,not specified
h00559,hypericum laricifolium,larchleaf stjohnswort,luo ye song ye jin si tao,,not specified,not specified,not specified,not specified
h00560,herba humuli scandentis,allgrass of japanese hop,lv cao,,not specified,1 diurectic 2 bacteriostatic flower and fruit inhibit the growth of bacillus tuberculosis and its alcoholic infusion of stemsand leaves inhibits that of grampositive bacteria in vitro,tuberculosis cystitis mastitis tonsillitis lung heat cough pulmonary welling abscess vacuity heat with vexation and thirst heat strangury edema inhibited urination dampheat diarrhea dysentery heat toxin sores itchy skin,antipyretic detoxicate drugs
h00563,herba meconpsis integrifoliae,allgrass of entire meconopsis,lv rong hao,,minor warm bitter punkery,not specified,not specified,not specified
h00564,herba verbae,european verbe herb,ma bian cao,,not specified,to promote the flow of blood and to relieve blood stasis to stop malarial attacks to counteract toxicity and to cause diuresis,malaria amenorrhea and dysmenorrhea throat impediment edema heat strangury diphtheria bilharziosis dysentery concretion conglomeration accumulation and gathering,blood activating stasis removing drugs
h00565,herba portulacae,allgrass of purslane,ma chi xian,,cold sour,to remove toxic heat and to arrest bleeding,heat toxin blood dysentery acute bacillary dysentery pertussis enteritis appendicitis swollen welling abscess and clove sores eczema erysipelas bleeding postpartum bleeding hematochezia bleeding from hemorrhoids flooding and spotting ascariasis ancylostomiasis snake or insect bites,antipyretic detoxicate drugs
h00566,cannabis sativa,hemp fimble flower,ma hua,,not specified,to dispel wind quicken blood engender hairs,numbness in limbs itchy body shedding of eyebrow and hair amenorrhea,not specified
h00567,herba ephedrae,ephedra,ma huang,,warm pungent slightly bitter,to induce perspiration for dispelling cold to relieve asthma and to cause diuresis,windcold exterior repletion syndrome headache without sweating headache and generalized pain cough fever fever and aversion to wind absence of sweating congesting lung nondiffusion of lung qi cough and asthma bronchial asthma wind water edema nasal congestion allergic rhinitis inhibited urination winddamp impediment pain muscle numbness wind papule itching yin flat abscess and phlegm node,pungentwarm exteriorreleasing medicinal
h00568,radix ephedrae,ephedra root,ma huang gen,,mild sweet,to arrest perspiration,spontaneous sweating and night sweating,astringent medicinal
h00569,bauhinia malabarica,malaba bauhinia,ma la ba yang ti jia,not specified,not specified,not specified,not specified,not specified
h00570,semen strychni,nux vomica,ma qian zi,,cold bitter,to promote the flow of qi and blood in the collaterals relieve pain and promote the subsidence of swelling,hemiplegia numbness and paralysis muscle weakness impotence hypertrophic spinitis chronic anemia winddamp intractable impediment sequel of poliomyelitis rheumatoid arthritis knocks and falls swelling pain of welling abscess and flat abscess,winddampnessdispelling and colddispersing medicinal
h00571,aloe marlothii,marloth aloe,ma shi lu hui,,not specified,not specified,not specified,not specified
h00572,radix et rhizoma thalictri,root and rhizome of manyleaf meadowrue,ma wei lian,,not specified,not specified,influenza fever in children common cold with fever measles papules malaria dampheat diarrhea dysentery jaundice red eyes with gall,heatclearing and dampnessdrying medicinal
h00573,rhododendron ovatum,ovateleaf rhodode ndron,ma yin hua,,not specified,to clear damp heat resolve sore toxin,dampheat vaginal discharge swollen welling abscess and clove sores,not specified
h00574,fructus hordei germitus,germited barley,mai ya,,mild sweet,to invigo rate the function of the spleen to regulate the function of the stomach and to promote the flow of milk,food accumulation abdominal distention and diarrhea nausea and vomiting inappetence galactostasis distending pain in breast,digestants
h00575,fructus viticis,shrub chastetree fruit,man jing zi,,minor cold pungent bitter,to dispel windheat from the head and eyes,externally contracted windheat dizziness and headache migraine gum swelling and pain red eyes with gall delacrimation winddamp impediment pain hypertonicity of limbs,pungent cool diaphoretics
h00576,folium rhododendri daurici,dahurian rhododendron leaf,man shan hong,,warm pungent bitter,not specified,acute bronchitis chronic bronchitis,antitussive antiasthmetics
h00577,flemingia philippinensis syn moghania philippinensis,philippine flemingia,man xing qian jin ba,,not specified,to dispel wind and eliminate damp strengthen sinews and bones quicken blood and resolve toxin,winddamp impediment pain taxation damage in lumbar muscle wiltingweakness in limbs knocks and falls swelling pain in throat,not specified
h00578,mangifera indica,mango equivalent plant mangifera persiciformis,mang guo,,not specified,to boost stomach engender liquid check vomiting relieve cough,thirst vomiting reduced food intake cough,not specified
h00579,not specified,semen mangiferae indica,mang guo he,,not specified,not specified,not specified,not specified
h00580,erodium stephanianum,common herons bill,mang niu er miao,,not specified,see geranium wilfordii,see geranium wilfordii,not specified
h00581,populus tomentosa,chinese white poplar,mao bai yang,,not specified,to clear heat and disinhibit damp relieve cough and transform phlegm,hepatitis dysentery stranguryturbidity cough of phlegm asthma,not specified
h00582,caragana tibetica,tibet peasshrub,mao ci jin ji er,,not specified,not specified,not specified,not specified
h00583,digitalis purpurea,common foxglove equivalent plant digitalis lanata,mao di huang,,not specified,to strengthen heart and disinhibit urine,cardiac failure edema due to heart disease,not specified
h00584,ilex pubescens,pubescent holly equivalent plant ilex pubescens var glaber,mao dong qing,,not specified,to clear heat and resolve toxin quicken blood and free network vessels,angina pectoris acute myocardial infarction cerebral thrombosis thrombophlebitis thromboangiitis obliterans buergers disease central retinitis central angiospastic retinitis windheat common cold lung heat cough asthma sore pharynx nipple moth gum swelling and pain chest impediment and heart pain wind stroke with hemiplegia erysipelas burns and scalds welling abscess and flat abscess,blood activation and stasis removal
h00585,drosera peltata var lunata,lunate peltate sundew,mao gao cai,,not specified,to dispel wind and relieve pain quicken blood resolve toxin,winddamp impediment pain knocks and falls taxation damage in lumbar muscle stomachache common cold swelling pain in throat red and white dysentery malaria child gan accumulation eye screen scrofula eczema scab sore,not specified
h00586,rhododendron seniavinii,hairfruit rhododendron,mao guo du juan,,not specified,to relieve cough dispel phlegm calm asthma,chronic trachitis,not specified
h00587,isodon trichocarpa,hairyfruit rabdosia,mao guo xiang cha cai,,not specified,not specified,not specified,not specified
h00588,actinidia eriantha,hairyflower actinidia,mao hua mi hou tao,,not specified,to resolve toxin and disperse swelling clear heat and disinhibit damp,heat toxin swollen welling abscess mammary welling abscess aphonia due to lung heat dampheat dysentery stranguryturbidity and vaginal discharge winddamp impediment pain carcinoma of stomach carcinoma of esophagus mastocarcinoma knocks and falls,not specified
h00589,not specified,not specified,mao mai wu zhu yu,,not specified,not specified,not specified,not specified
h00590,datura innoxia,hairy datura leaf,mao man tuo luo ye,,not specified,see datura metel,see datura metel,not specified
h00591,clerodendranthus spicatus,spicate clerodendranthus,mao xu cao,,not specified,to clear heat and dispel damp expel stone and disinhibit water,acute nephritis chronic nephritis cystitis urethral stone rheumatic arthritis,not specified
h00592,veratrum grandiflorum,largeflower falsehellebore,mao ye li lu,,not specified,see veratrum nigrum,see veratrum nigrum,not specified
h00593,rabdosia japonica,japanese rabdosia,mao ye xiang cha cai,,not specified,to clear heat and resolve toxin quicken blood and disperse swelling,hepatitis gastritis mastitis amenorrhea knocks and falls pain in joints snake or insect bites,not specified
h00594,radix ranunculi terti,catclaw buttercup root,mao zhua cao,,warm pungent sweet,to dissolve lumps and cause subsidence of swelling,treament of tuberculosis of lymph nodes without ulceration,antipyretic detoxicate drugs
h00595,corydalis rosea,rose corydalis,mei gui hong jin,,not specified,not specified,not specified,not specified
h00596,flos rosae rugosae,rose flower,mei gui hua,,warm sweet slightly bitter,to relieve stagnation of qi regulate blood circulation and to arrest pain,liver stomach qi pain reduced food intake with nausea and vomiting menstrual disorder painful wound from knocks and falls,qi regulating drugs
h00597,flos mume,plum flower,mei hua,,not specified,to ease the mind the regulate the stomach function to resolve phlegm and counteract toxicity,treament of depression with fidgetness epigastric pain due to stagnation of qi of the liver and stomach globus hystericus scrofula ulcers,qi regulating drugs
h00598,mitragyna speciosa,beautiful mitragyna,mei li mao zhu mu,,not specified,not specified,not specified,not specified
h00599,actinidia deliciosa,delicious actinidia,mei wei mi hou tao,,not specified,not specified,not specified,not specified
h00600,parmelia tinctorum,tinctorial parmelia,mei yi,not specified,not specified,to boost essence brighten eyes cool blood and resolve toxin,dim vision flooding and spotting bleeding due to external injury sore toxin and intractable lichen,not specified
h00602,glycyrrhiza lepidota,scale licorice,mei zhou gan cao,,not specified,not specified,not specified,not specified
h00603,hamamelis virginiana,virginia witch hazel,mei zhou jin lv mei,,not specified,not specified,not specified,not specified
h00604,celastrus scandens,american bittersweet,mei zhou nan she teng,,not specified,not specified,not specified,not specified
h00605,astragalus mongholicus,mongolian milkvetch,meng gu huang qi,,not specified,see astragalus membranaceus,see astragalus membranaceus,not specified
h00606,actinidia arguta,bower actinidia,mi hou li,,not specified,to enrich yin and clear heat eliminate vexation and allay thirst free strangury,febrile diseases fluid damage sand strangury stone strangury hypovitaminosis c gum hemorrhage hepatitis,not specified
h00608,libanotis condensata,denseflower libanotis,mi hua yan feng,,not specified,to dispel wind and free network vessels relieve pain,pain in joints due to rheumatalgia chest pain,not specified
h00610,flos buddlejae,flower of pale butterflybush,mi meng hua,,minor cold sweet,to remove heat replenish the liver and clear the eye of corneal opacity,red eyes with gall delacrimation and photophobia liver vacuity dim vision dim vision malaria,fire purging drugs
h00611,not specified,dioscoreae septemlo bae rhizoma,mian bi xie,,not specified,not specified,strangury with white turbidity excessive leukorrhea dampheat sore toxin impediment pain in lumbus and knees,diuretic dampness excreting drugs
h00612,isodon lasiocarpus,woollyfruit rabdosia,mian mao guo xiang cha cai,,not specified,not specified,not specified,not specified
h00613,changium smyrnioides,medicinal changium,ming dang shen,,minor cold sweet slightly bitter,to moisten lung and transform phlegm nourish yin and harmonize stomach resolve toxin,lung heat cough vomiting nausea reduced food intake with dry mouth anemia dizziness leukorrhea clove toxin sores,for tonifying weakness
h00615,ephedra przewalskii,przewalsk ephedra,mo guo ma huang,,not specified,not specified,not specified,not specified
h00616,herba ecliptae,allgrass of yerbadetajo,mo han lian,,cold sweet sour,to replenish the liver and the kidney and to arrest bleeding by removing heat from blood,tooth mobilizing premature graying in beard and hair dizziness and tinnitus limp aching lumbus and knees yin vacuity blood heat hemoptysis blood ejection duodenal bleeding nosebleedepistaxis hematuria blood dysentery flooding and spotting bleeding due to external injury eczema of skin bleeding of skin snake bite,yintonifying medicinal
h00617,myrrha,myrrh,mo yao,,mild pungent bitter,1 to invigorate blood and stop pain 2 to reduce swelling and promote healing,stasis pain in chest and abdomen amenorrhea dysmenorrhea concretion and conglomeration knocks and falls swollen welling abscess and sores intestinal welling abscess red eyes with gall,blood activating stasis removing drugs
h00618,cortex moutan,tree peony bark,mu dan pi,,minor cold pungent bitter,to remove heat from blood to activate blood circulation and eliminate blood stasis,appendicitis dysentery hypertension allergic rhinitis warm heat disease with fever macular eruption blood ejection spontaneous external bleeding steaming bone tidal fever due to yin vacuity amenorrhea due to blood stasis dysmenorrhea concretion and conglomeration swelling toxin of welling abscess and sore painful wound from knocks and falls winddampheat impediment,heat clearing blood cooling drugs
h00619,fructus caryophylli,clove fruit,mu ding xiang,,warm pungent,to warm the spleen and stomach to regulate the adverse flow of the stomach qi and to restore the kidney yang,not specified,for warming interior
h00620,fructus chaenomelis,fruit of common floweringquince,mu gua,,warm sour,to lessen contracture regulate stomach function and dispel damp,vomiting and diarrhea with cramp winddamp impediment pain cough and abundant phlegm diarrhea dysentery painful wound from knocks and falls beriberi with edema,winddampnessdispelling and colddispersing medicinal
h00621,semen oroxyli,indian trumpetflower seed,mu hu die,,not specified,to remove heat from the lung and relieve sore throat and to regulate the flow of qi of the liver and the stomach,lung heat cough throat impediment aphonia liver stomach qi pain,antipyretic detoxicate drugs
h00622,oroxylum indicum,indian trumpetflower bark,mu hu die shu pi,,not specified,to clear heat and disinhibit damp abate jaundice disinhibit throat and disperse swelling,infective hepatitis swelling pain in throat,not specified
h00623,hibiscus syriacus,shrubalthea fruit,mu jin zi,,not specified,to clear lung and transform phlegm relieve headache resolve toxin,cough of phlegm asthma bronchitis headache yellowwater sore eczema,not specified
h00624,folium viticis negundo,hempleaf negundo chastetree leaf,mu jing ye,,not specified,to counteract toxicity and to induce expectoration relieve cough and asthma,1 oral administration of its eemulsion 052173gkg exerts a strong expectorant effect in mice2 oral administration of its volatile oil 104gkg exerts a significant antitussive effect in mice with cough induced by inhalation of concentrated ammonia3 increasing the hypnotic effect of pentobarital sodium in mice,pungent cool diaphoretics
h00625,matricaria chamomilla syn matricaria recutita ,mayweed,mu ju,,not specified,to clear heat and resolve toxin relieve cough and calm asthma dispel winddamp,common cold with fever swelling pain in throat lung heat cough asthma heat impediment swelling and pain swelling of sores,not specified
h00626,crassostrea gigas,oyster,mu li,,minor cold salty punkery,treament of palpitaton insomnia dizziness and tinnitus scrofula mall formation in the abdomen spontaneous sweating and night sweating seminal emission abnormal uterine bleeding excessive leukorrhea epigastric pain with acid regurgitatonconcha ostreae calcined spontaneous sweating night sweating seminal emission abnormal uterine bleeding excessive leukorrhea epigastric pain with acid regurgitation,its extract inhibits the growth of poliovirus in vivo,for calming liver and containing wind
h00628,flos gossampini,flower of common bombax,mu mian hua,,cool sweet,not specified,diarrhea dysentery hemoptysis blood ejection flooding incised wound and bleeding sore toxin eczema,external medicinal draw out toxin resolve putridity
h00629,actinidia polygama,silvervine actinidia,mu tian liao,,not specified,to dispel winddamp warm channels and relieve pain disperse concretion and conglomeration,wind stroke with hemiplegia windcolddamp impediment lumbago mounting qi  concretion conglomeration accumulation and gathering qi dysentery,not specified
h00630,caulis aristolochiae seu clematis,akebia clematis stem,mu tong,,cold bitter,1 to promote water metabolism and relieve abnormal urination 2 to clear heat and promote lactation,acute urethritis short voidings of reddish urine stranguryturbidity edema nephritis with edema galactostasis heat vexation in chest throat pain mouth sore tongue sores winddamp impediment pain galactostasis amenorrhea dysmenorrhea,diuretic dampness excreting drugs
h00631,radix aucklandiae,common aucklandia root,mu xiang,,warm pungent bitter,to relieve pain by promoting the flow of qi and to improve digestion by reinforcing the spleen function,distending pain in chest and stomach duct diarrhea and tenesmus nondigestion of food accumu lation no thought of food and drink,qi regulating drugs
h00632,herba equiseti hiemalis,common scouring rush herb,mu zei,,mild sweet bitter,to dispel windheat and to remove nebula,windheat red eye tearing in wind eye screen,pungent cool diaphoretics
h00633,ephedra equisetina,mongolian ephedra,mu zei ma huang,,not specified,see ephedra sinica,see ephedra sinica,not specified
h00634,microtoena prainiana,prain microtoena,nan chuan guan chun hua,,not specified,not specified,not specified,not specified
h00635,cuscuta australis,south dodder seed,nan fang tu si zi,,not specified,see cuscuta chinensis ,see cuscuta chinensis ,not specified
h00636,harpagophytum procumbens,devils clow,nan fei gou ma,,not specified,to relieve pain eliminate inflammation resolve heat,bronchial asthma ileitis ulcerative colitis rheumatis abnormal increase of lipoxygenase,not specified
h00637,salvia sclarea,clary,nan ou dan shen,,not specified,not specified,not specified,not specified
h00638,radix adenophorae,fourleaf ladybell root,nan sha shen,,not specified,to nourish yin and remove heat from the lung to relieve phlegm and to reinforce qi,treament of heat in the lung with dry cough cough with scanty sticky sputum in phthisis with deficiency of yin  deficiency of both qi and yin with feverishness and thirst,yintonifying medicinal
h00639,celastrus orbiculatus syn celastrus articulatus ,oriental bittersweet root,nan she teng gen,,not specified,to dispel wind and overcome damp move qi and dissipate blood resolve toxin and disperse swelling,winddamp impediment pain painful swelling from knocks and falls amenorrhea headache lumbago mounting qi  dysentery intestinal wind bleeding swelling toxin of welling abscess and flat abscess burns and scalds poisonous snake bite,not specified
h00640,not specified,schisandrae sphentherae fructus,nan wu wei zi,,not specified,not specified,not specified,astringent medicinal
h00641,flos rhododendri mollis,yellow azalea flower,nao yang hua,,not specified,to relieve rheumatic conditions and to eliminate blood stasis and alleviate pain,tachycardia palpitation hypertension winddamp impediment pain knocks and falls intractable lichen,winddampnessdispelling and colddispersing medicinal
h00643,geranium nepalense,nepal cranesbill,ni bo er lao guan cao,,not specified,see geranium wilfordii,see geranium wilfordii,not specified
h00645,citrus limon,lemon pericarp equivalent plant citrus limonia,ning meng pi,,not specified,to soothe stagnation and move qi fortify stomach and relieve pain,blood stasis and abdominal pain menstrual disorder no thought of food and drink,not specified
h00646,lycium barbarum,barbary wolfberry fruit,ning xia gou qi zi,,not specified,see lycium chinense,see lycium chinense,not specified
h00647,arctium lappa,great burdock root,niu bang gen,,not specified,to dispel windheat disperse swelling toxin,windheat common cold headache cough wind toxin swollen face swelling pain in th roat gingiva painful swelling winddamp impediment pain concretion and conglomeration welling abscess and boil hemorrhoids prolapse of rectum,not specified
h00648,fructus arctii lappae,achene of great burdock,niu bang zi,,cold pungent bitter,to dispel windheat and relieve cough to promote eruption to counteract toxicity and to soothe sore throat,windheat common cold cough with profuse phlegm measles papules wind papules swelling pain in throat epidemic parotitis erysipelas swollen welling abscess and sore toxin,pungent cool diaphoretics
h00649,not specified,millettiae speciosae radix,niu da li,,not specified,not specified,not specified,antitussive antiasthmetics
h00650,calculus bovis,cowbezoar,niu huang,,cool bitter,to restore consciousness by reducing fire and eliminating phlegm  to relieve convulsions and to counteract toxicity,ardent fever coma fright epilepsy convulsion febrile diseases clouded spirit wind stroke with orifice block acute infant fright wind swelling pain in throat mouth and tongue sores welling abscess and flat abscess with clove sore,resuscitative stimulant resuscitative medicinal
h00651,sonchus arvensis,field sowthistle,niu she tou,,not specified,to clear heat and resolve toxin,dysentery appendicitis mastitis white turbidity hemorrhoids emission swelling toxin of sore and boil burns and scalds,not specified
h00652,radix achyranthis bidentatae,root of twotooth achyranthes,niu xi,,mild sweet sour bitter,to replenish the liver and the kidney to strengthen the tendons and bones to eliminate blood stasis and stimulate menstrual discharge and to lead the blood to flow downward,aching in lumbus and knees amenorrhea due to blood stasis dysmenorrhea postpartum blood stasis abdominal pain concretion and conglomeration retention of placenta  heat strangury blood strangury knocks and falls swollen welling abscess and malign sore swelling pain in throat,blood activating stasis removing drugs
h00653,fructus ligustri lucidi,fruit of glossy privet,nu zhen zi,,cool sweet bitter,treament of vertigo tinnitus weakness in the loins and knees premature whitening of hair and impaired eyesight due to deficiency of yin of the liver and kidney,1 its component oleanolic acid can prevent and relieve cyclophosphamideinduced leukocytopenia in mice2 enhancing the anoxia tolerance of mice under atmospheric pressure3 increasing coronary flow in rabbits in vitro4 relaxing adrenalineinduced vasocontricyion in rabbits in vitro5 lowering the level of blood lipid,for tonifying weakness
h00654,radix oryzae glutinosae,glutinous rice root,nuo dao gen,,not specified,to stop cold sweat and lower asthenic fever,not specified,astringent medicinal
h00655,fructus ligustri lucidi,fruit of glossy privet,nv zhen zi,,cool sweet bitter,to replenish the liver and kidney improve eyesight and promote the growth of black hair,septicemia chronic bronchitis acute dysentery dizziness and tinnitus premature graying in beard and hair dim vision,yintonifying medicinal
h00656,mentha longifolia,horse mint,ou bo he,,not specified,not specified,not specified,not specified
h00657,levisticum officinale,garden lovage,ou dang gui,,not specified,to quicken blood and regulate menstruation disinhibit urine,amenorrhea dysmenorrhea dizziness headache numbness in limbs edema,not specified
h00659,nodus nelumbinis rhizomatis,node of lotus rhizome,ou jie,,mild sweet punkery,to arrest bleeding and remove blood stasis,treament of hematemesis hemoptysis hematuria abnormal uterine bleeding,astringent hemostatic medicinal
h00660,erica arborea,tree heath,ou shi nan,,not specified,not specified,not specified,not specified
h00661,nelumbinis rhizomatis preparata,prepared node of lotus rhizome,ou tan,,not specified,not specified,not specified,not specified
h00662,asarum europaeum,asarabacca,ou xi xin,,not specified,not specified,not specified,not specified
h00663,glycyrrhiza glabra var typica,typical licorice,ou ya gan cao,,not specified,not specified,not specified,not specified
h00664,aesculus hippocastanum,horsechestnut,ou zhou qi ye shu,,not specified,see aesculus wilsonii,see aesculus wilsonii,not specified
h00665,derris scandens,climbing jewelvine,pan yuan yu teng,,not specified,not specified,not specified,not specified
h00666,not specified,fructus paulowniae fortunei,pao tong guo,,not specified,not specified,not specified,not specified
h00667,herba eupatorii,fortune eupatorium herb,pei lan,,cold mild,to resolve damp invigorate the function of the spleen and improve appetite by its spicy fragrance and to expel summer heat from the body surface,nausea and vomiting bad breath drooling distended head and oppression in chest sweetgreasy in mouth summerheatdamp exterior syndrome,dampness removing drugs
h00668,not specified,curcuma zedoaria rosc,peng e zhu,,not specified,not specified,not specified,not specified
h00669,humulus lupulus,european hop femaleflower,pi jiu hua,,not specified,to fortify stomach and disperse food disinhibit urine and quiet spirit eliminate inflammation,indigestion abdominal distention edema cystitis tuberculosis cough insomnia leprosy,not specified
h00670,cuscuta lupuliformis,hopshaped dodder,pi jiu hua tu si zi,,not specified,not specified,not specified,not specified
h00671,folium eriobotryae,loquat leaf,pi pa ye,,minor cold bitter,to remove heat from the lung and the stomach and to relieve cough and vomiting,lung heat cough qi counterflow with rapid asthma  stomach heat vomiting heat vexation and thirst,antitussive antiasthmetics
h00673,rhizoma wenyujin concisum,wenyujin concise rhizome,pian jiang huang,,not specified,treament of amenorrhea and dysmenorrhea due to blood stasis pricking pain in the chest and hypochondriac regions arthralgia,treament of amenorrhea and dysmenorrhea due to blood stasis pricking pain in the chest and hypochondriac regions arthralgia,not specified
h00675,fructus psoraleae corylifoliae,fruit of malaytea scurfpea,po gu zhi,,extreme warm pungent bitter,treatment of impotence seminal emission enuresis frequent urination aching of the loins and knees with cold sensation asthma in deficiency syndromes of the kidney diarrhea occurring before dawn daily external use for vitiligo and alpecia areata,1 corylifolinin  isobavachalcone  dilates coronary artery significantly 2 promoting phagocytosis of macrophage 3 exciting the intestinal smooth muscles in vivo or in vitro and relaxing the uterus of guineapigs in vitro,for tonifying weakness
h00676,camellia sinensis var assamica,assam tea,pu er cha,,not specified,to engender liquid and allay thirst expel phlegm and precipitate qi,sand qi abdominal pain cholera dysentery,not specified
h00677,taraxacum mongolicum,mongolian dandelion,pu gong ying,,cold sweet bitter,to clear heat and resolve toxin dissipate binds and disperse swelling disinhibit urine and free strangury,epidemic parotitis infection of upper respiratory tract tonsillitis laryngitis sore pharynx mastitis hepatitis swelling toxin of clove sore mammary welling abscess scrofula red eyes pulmonary welling abscess dampheat jaundice heat strangury with inhibited pain,heat clearence
h00678,pollen typhae,pollen of longbract cattail,pu huang,,mild sweet,to arrest bleeding to remove blood stasis and to relieve dysuria,hyperlipemia angina pectoris exudative eczema bleeding hemoptysis spontaneous external bleeding blood ejection hematochezia hematuria flooding and spotting bleeding due to external injury pain in heart and abdomen dysmenorrhea postpartum bleeding postpartum abdominal pain blood strangury with inhibited pain,stasisresolving hemostatic medicinal
h00681,vitis vinifera,european grape,ou zhou pu tao,,not specified,to supplement qi and blood strengthen sinews and bones disinhibit urine,vacuity of qi and blood lung vacuity cough palpitation and night sweating winddamp impediment pain strangury edema,not specified
h00682,aesculus chinensis,chinese buckeye,qi ye shu,,not specified,see aesculus wilsonii ,see aesculus wilsonii,not specified
h00683,radix peucedani,root of grand hogfennel,qian hu,,minor cold pungent bitter,to dispel wind and remove heat and to relieve cough and resolve phlegm ,cough externally contracted windheat lung heat phlegm depression cough and asthma with abundant phlegm sticky phlegm retching counterflow and reduced food intake fullness and oppression in chest and diaphragm,phlegresolving medicine
h00684,radix moghaniae philippinensis,root of philippine flemingia,qian jin ba,,warm pungent,not specified,not specified,winddampdispelling and sinewbonestrengthening medicinal
h00685,stephania japonica,japanese staphania,qian jin teng,,not specified,to clear heat and resolve toxin dispel wind and relieve pain disinhibit water and disperse edema,swelling pain in throat swollen welling abscess sore and boil poisonous snake bite winddamp impediment pain stomachache beriberi with edema nephritis with edema urinary tract infection rheumatic arthritis sciatica,not specified
h00686,senecio scandens,climbing groundsel,qian li guang,,mild bitter,to clear heat and resolve toxin eliminate screen and brighten eyes kill worms and relieve itch,windfire eye conjunctivitis eye screen typhoid fever acute bacillary dysentery pneumonia lobar pneumonia tonsillitis appendicitis bronchitis enteritis jaundice influenza toxemia hematosepsis swelling toxin of welling abscess and boil dry lichen damp lichen erysipelas eczema scalds trichomoniasis,heat clearence
h00687,rhizoma homalomee occultae,rhizome of obscured homalome,qian nian jian,,warm pungent bitter,to relieve rheumatic conditions and stregnthen the tendons and bones,treament of rheumatoid arthritis with pain and cold sensation in the loins and knees muscular contracture and numbness of the lower extremities,winddampdispelling and sinewbonestrengthening medicinal
h00688,semen pharbitidis,pharbitis seed,qian niu zi,,cold bitter,to cause drastic purgation for clearing away retained fluid and to kill worms,edema distention fullness inhibited urine and stool phlegmrheum and accumulationgathering qi counterflow with cough and asthma abdominal pain due to worm accumulation ascariasis taeniasis,drastic purgatives
h00689,lythrum salicaria,spiked loosestrife equivalent plant lythrum anceps,qian qu cai,,not specified,to clear heat and resolve toxin promote contraction and stanch bleeding,dysentery diarrhea hematochezia flooding ulcerating sores blood ejection spontaneous external bleeding bleeding due to external injury,not specified
h00690,semen euryales,seed of gordon euryale,qian shi,,mild sweet punkery,1 to strengthen the kidney to preserve essence drprive dampness to relieve leucorrhagia 2 to strengthen the spleen to relieve diarrhea,1 treatment of kidneydeficiency manifested as nocturnal emission frequent micturition enuresis whitish and turbid urine or leucorrhagia 2 treatment of diarrhea for diarrhea of spleendeficiency type,astringent medicinal
h00692,erythrina arborescens,himalayan coralbean equivalent plant erythrina variegate,qiao mu ci tong,,not specified,to dispel wind and eliminate damp soothe sinews and quicken network vessels kill worms and relieve itch,winddamp impediment pain hypertonicity in limb joints knocks and falls scab and lichen eczema,not specified
h00694,radix gentiae macrophyllae,root of largeleaf gentian,qin jiao,,minor cold pungent bitter,to relieve rheumatic conditions and to remove dampheat,winddamp impediment pain hypertonicity of sinews and vessels aching pain in joints late afternoon tidal fever child gan accumulation with fever,winddampnessdispelling and heatclearing medicinal
h00695,panax japonicus var major,largeleaf japanese ginseng,qin ling zhu zi shen,,not specified,to clear heat and nourish yin  stanch bleeding and dissipate stasis disperse swelling and relieve pain,febrile diseases with vexation and thirst lung heat cough due to yin vacuity hemoptysis blood ejection spontaneous external bleeding hematochezia hematuria flooding and spotting bleeding due to external injury wound swelling from knocks and falls winddamp impediment pain stomachache menstrual disorder windfire toothache swelling pain in throat swelling pain of welling abscess and sore,not specified
h00696,cortex fraxini,bark of largeleaf chinese ash,qin pi,,cold bitter,to remove dampheat to arrest discharges and to improve eyesight,1 inhibiting the growth of dysentery bacillus and staphylococcus2 antitussive and expectorant3 aesculin one of its active components prolongs the hypnotic effect of hexobarbital in mice4 aescuktin another active component exerts an antihistaminic effect and relaxes smooth muscles of guineapigs trachea in vitro5 analgesic the effect of aescuktin is stronger than that of aspirin but weaker than codeine,heatclearing and dampnessdrying medicinal
h00697,not specified,caulis sinomenii,qing feng teng,,not specified,not specified,winddamp impediment pain pain from arthritis swelling in joints paralytic and pruritus,winddampnessdispelling and colddispersing medicinal
h00698,herba artemisiae annuae,sweet wormwood herb,qing hao,,bitter  pungent cold,to remove summerheat to relieve consumptive feverand to stop malarial attacks,see artemisia annua,asthenic heat dispelling drugs
h00699,vatica rassak,rassak vatica,qing mei,,not specified,not specified,not specified,not specified
h00700,pericarpium citri reticulatae viride,green tangerine peel,qing pi,,warm pungent bitter,to soothe the liver to disintegrate stagnated qi and to remove retained food,1 its component limonene is an expectorant and antiasthmatic2 its decoction relaxes the smooth muscle of intestines stomach gallbladder and uterus,qi regulating drugs
h00701,herba nerviliae,leaf of ford nervilia,qing tian kui,,not specified,1 to clear heat and toxic material for skin infection of intense heat type sorethroat summerheat syndrome with fever and thirst scrofula 2 to moisturize the lung to relieve cough for cough of heat type and dryness type,1 to clear heat and toxic material for skin infection of intense heat type sorethroat summerheat syndrome with fever and thirst scrofula 2 to moisturize the lung to relieve cough for cough of heat type and dryness type,not specified
h00703,flemingia strobilifera,conespike flemingia,qiu sui qian jin ba,,not specified,to clear heat and eliminate damp dispel wind and free network vessels relieve cough and transform phlegm,winddamp impediment pain lassitude in lumbus and knees phlegmheat cough asthma pertussis jaundice,not specified
h00704,herba dianthi,allgrass of lilac pink,qu mai,,cold bitter,to relieve dysuria and to stimulate menstrual discharge,strangury heat strangury blood strangury stone strangury urinary tract infection urinary stoppage dripping with inhibited pain amenorrhea carcinoma of esophagus carcinoma of rectum,diuretic dampness excreting drugs
h00705,rhizoma bistortae,rhizome of bistort,quan shen,,cool bitter,to remove toxic heat to promote the subsidence of swelling and to arrest bleeding,red dysentery heat diarrhea lung heat cough swollen welling abscess scrofula mouth sore tongue sores blood ejection spontaneous external bleeding bleeding from hemorrhoids poisonous snake bite,antipyretic detoxicate drugs
h00706,genista tinctoria,common woadwaxen,ran liao mu,,not specified,not specified,not specified,not specified
h00707,lonicera japonica,japanese honeysuckle vine,ren dong teng,,cold sweet,to clear heat and resolve toxin free network vessels,warm disease fever swelling toxin of sore and welling abscess heat toxin blood dysentery winddampheat impediment,heat clearence
h00708,panax ginseng,radix ginseng,ren shen,,minor warm sweet slightly bitter,to reinforce the vital energy to remedy collapse and restore the normal pulse to benefit the spleen and lung to promote the production of body fluid and to calm the nerves,qi vacuity and verging on desertion cold limbs and faint pulse reduced food intake due to spleen vacuity cough and asthma due to lung vacuity fluid damage and thirst diabetes mellitus due to internal heat enduring illness qi vacuity fright palpitation and insomnia impotence uterus cold cardiac failure,qi reinforcing drugs
h00709,panax ginseng x p  quinquefolium,not specified,ren shen xi yang shen za jiao zhong,,not specified,not specified,not specified,not specified
h00710,folium ginseng,ginseng leaf,ren shen ye,,not specified,to nourish qi and lung expel summerheat to promote fluid secretion,summerheatheat and thirst febrile diseases fluid damage stomach yin insufficiency diabetes mellitus dry cough due to lung dryness vacuityfire toothache,qi reinforcing drugs
h00712,magnolia obovata,whiteleaf japanese magnolia,ri ben hou po,,not specified,not specified,not specified,not specified
h00713,chamaecyparis pisifera,sawara false cypress,ri ben hua bai,,not specified,not specified,not specified,not specified
h00714,phellodendron japonicum,japancorktree,ri ben huang bai,,not specified,not specified,not specified,not specified
h00716,lythrum anceps,twoedged loosestrife,ri ben qian qu cai,,not specified,see lythrum salicaria ,see lythrum salicaria ,not specified
h00717,prunus yedoensis,tokyo cherry,ri ben ying hua,,not specified,not specified,not specified,not specified
h00718,herba cistanches,desertliving cistanche,rou cong rong,,warm sweet salty,to reinforce the kidney replenish vital essence and blood and induce taxation,impotence infertility backache limp aching lumbus and knees weakness in sinews and bones intestinal dry and constipation,yang reinforcing drugs
h00719,cortex cinmomi,cassia bark,rou gui,,hot pungent sweet,to supplement body fire reinforce yang and lead the fire back to the kidney to dispel cold and relieve pain and to activate blood circulation and stimulate menstrual discharge,impotence uterus cold cold pain in lumbus and knees kidney vacuity asthma yang vacuity dizziness red eyes and sore pharynx cold pain in heart and abdomen vacuity cold vomiting and diarrhea cold mounting running piglet amenorrhea dysmenorrhea,warming interior drugs
h00720,resi oliani,frankincense,ru xiang,,warm pungent bitter,1 to invigorate blood and stop pain 2 to reduce swelling,pain in heart and abdomen winddamp impediment pain amenorrhea dysmenorrhea stasis pain from knocks and falls swelling toxin of welling abscess and flat abscess intestinal welling abscess enduring sores,blood activating stasis removing drugs
h00721,rhododendron lingii,ruyuan rhododendron,ru yuan du juan,,not specified,not specified,not specified,not specified
h00722,heracleum lanatum,softhair cowparsnip,ruan mao du huo,,not specified,see angelica pubescens f biserrata ,see angelica pubescens f biserrata,not specified
h00723,nux prinsepiae,hedge prinsepia nut,rui ren,,not specified,to nourish the liver and improve eyesight and to dispel windheat,treatment of conjuntivitis and blepharitis marginalis with impaired vision and photophobia,pungent cool diaphoretics
h00724,rhizoma seu herba saururi,chinese lizardtail rhizome or herb,san bai cao,,not specified,to remove toxic heat and cause diuresis,edema beriberi jaundice stranguryturbidity vaginal discharge swollen welling abscess clove sore,diuretic dampness excreting drugs
h00725,cephalotaxus fortunei,fortune plumyew,san jian shan,,not specified,anticancer,carcinoma of stomach carcinoma of rectum carcinoma of lung carcinoma of esophagus lymphatic sarcoma leukaemia,not specified
h00726,rhizoma sparganii,common burreed tuber,san leng,,mild bitter,to eliminate blood stasis with strong effect promote the flow of qi remove the retention of undigested food and relieve pain,concretion conglomeration accumulation and gathering qiblood stagnation pain in heart and abdomen distending pain in ribside amenorrhea postpartum blood stasis abdominal pain knocks and falls swelling of sores,blood activating stasis removing drugs
h00727,radix notoginseng,sanchi,san qi,,warm pungent slightly bitter,to eliminate blood stasis arrest bleeding cause subsidence of swelling and alleviate pain,hemoptysis blood ejection spontaneous external bleeding hematochezia flooding and spotting bleeding due to external injury angina pectoris stabbing pain in chest and abdomen painful swelling from knocks and falls,stasisresolving hemostatic medicinal
h00728,not specified,notoginseng flos,san qi hua,,not specified,not specified,not specified,antipyretic detoxicate drugs
h00729,erica umbellata,umbels heath,san xing ou shi nan,,not specified,not specified,not specified,not specified
h00730,phellinus igniarius,phellinus igniarius,sang huang,,not specified,to stanch bleeding quicken blood transform rheum check diarrhea,flooding blood strangury prolapse of rectum with bleeding vaginal discharge amenorrhea,not specified
h00731,herba taxilli,chinese taxillus herb,sang ji sheng,,mild sweet bitter,to replenish the liver and the kidney to strengthen the tendons and bones to relieve rheumatic conditions and to prevent abortion,angina pectoris arrhythmia hypertension winddamp impediment pain aching in lumbus and knees stomachache scant breast milk knocks and falls toxin swelling of sores frostbite,winddampdispelling and sinewbonestrengthening medicinal
h00732,ootheca mantidis,egg capsule of mantid,sang piao xiao,,mild sweet salty,to arrest spontaneous emission to reduce excessive urination and to cure turbid discharge from the urethra cturnal emission spermatorrhea enuresis frequent urination turbid discharge with urine,to arrest spontaneous emission to reduce excessive urination and to cure turbid discharge from the urethra cturnal emission spermatorrhea enuresis frequent urination turbid discharge with urine,astriction
h00733,fructus mori,mulberry fruit,sang shen,,cold sweet,to nourish n and blood and promote the production of body fluid,its contains sugar organic acid  vitamins b1 b2 and c and carotene its oleum contains oleic acid and linoleic acid,yintonifying medicinal
h00734,folium mori,mulberry leaf,sang ye,,cold sweet bitter,to dispel windheat and to remove heat from the lung to subdue hyperactivity of the liver and improve eyesight,windheat common cold lung heat dry cough dizziness and headache red eyes and clouded vision,pungent cool diaphoretics
h00735,ramulus mori,mulberry twig,sang zhi,,mild bitter,to relieve rheumatic arthralgia,hypertension aching pain in joints numbness in joints,winddampnessdispelling and heatclearing medicinal
h00736,fructus hippophae,fruit of seabuckthorn,sha ji,,warm sour punkery,not specified,not specified,phlegresolving medicine
h00737,fructus amomi,villous amomum fruit,sha ren,,warm pungent,to eliminate damp and improve appetite to warm the spleen and check diarrhea and to prevent abortion,abdominal pain glomus distention food stagnation in torpid stomach dysphagiaocclusion vomiting cold dysentery stirring fetus in pregnancy,dampness removing drugs
h00738,radix glehniae,glehnia root,sha shen,,minor cold sweet,treatment of 1 deficient yin of the lungs with heat manifested as dry cough or cough with scanty sputum hoarse voice from a chronic cough dry throat and thirst glehnia root shashen is used with ophiopogon root maidong and tendrilled fritillary bulb chuanbeimu 2 body fluids consumed by febrile diseases manifested as dry tongue and poor appetite glehnia root shashen is used with ophiopogon root maidong fresh rehmannia root shengdihuang and fragrant solomonseal rhizome yuzhu in the formula yiwei tang,treatment of 1 deficient yin of the lungs with heat manifested as dry cough or cough with scanty sputum hoarse voice from a chronic cough dry throat and thirst glehnia root shashen is used with ophiopogon root maidong and tendrilled fritillary bu,for tonifying weakness
h00739,sophora moorcroftiana,sandliving sophora,sha sheng huai,,not specified,to clear heat and dry damp resolve toxin,dampheat jaundice diphtheria nipple moth,not specified
h00740,helichrysum arenarium,yellow everlasting,sha sheng la ju,,not specified,not specified,cholecystitis gallstones,not specified
h00741,not specified,granulated sugar,sha tang,,warm sweet,not specified,not specified,not specified
h00742,semen astragali complati,flatstem milkvetch seed,sha yuan zi,,sweet warm,to benefit the liver and the kidney arrest seminal discharge restrain urination and improve eyesight,treatment of back pain nocturnal emission and premature ejaculation in deficiency syndromes of the kidney turbid discharge with urination excessive leukorrhea dribbling of urine after urination dizziness and blurred vision,yang reinforcing drugs
h00743,aconitum monticola,country monkshood,shan di wu tou,,not specified,not specified,not specified,not specified
h00744,radix sophorae tonkinensis,vietmese sophora root,shan dou gen,,cold bitter,to remove toxic heat promote the subsidence of swelling and soothe the sore throat,septicemia ulcer of uterine cervix chronic cervicitis bacillary dysentery enteritis hydatid moles chorioblastoma asthma chronic bronchitis acute tonsillitis laryngitis accumulated fire toxin swelling pain in throat gingiva painful swelling,antipyretic detoxicate drugs
h00746,diphylleia grayi,japanese umbrellaleaf,shan he ye,,not specified,see diphylleia sinensis,see diphylleia sinensis,not specified
h00747,ixeris chinensis,china ixeris,shan ku mai,,cool bitter,to clear heat and resolve toxin disperse swelling and expel pus cool blood and stanch bleeding,intestinal welling abscess pulmonary welling abscess lung heat cough enteritis dysentery cholecystitis pelvic inflamation swelling toxin of sore and boil scrotal eczema blood ejection spontaneous external bleeding flooding knocks and falls,not specified
h00748,crataegus pinnatifida var major,red fruit,shan li hong,,not specified,see crataegus pinnatifida ,see crataegus pinnatifida,not specified
h00749,ephedra gerardiana,gerard ephedra,shan ling ma huang,,not specified,see ephedra sinica,see ephedra sinica,not specified
h00750,desmodium racemosum,acutifoliate podocarpium,shan ma huang,,not specified,to dispel wind and eliminate damp quicken blood and resolve toxin,winddamp impediment pain flooding vaginal discharge haryngolaryngitis mammary welling abscess knocks and falls poisonous snake bite,not specified
h00751,rhizoma kaempferiae,galanga resurrectionlily rhizome,shan nai,,warm pungent,to stimulate the functional activity of the stomach promote digestion and relieve pain,distention fullness in chest and diaphragm cold pain in stomach duct and abdomen nondigestion of food accumulation,warming interior drugs
h00752,prunus davidiana,david peach bast,shan tao jing bai pi,,not specified,see prunus persica,see prunus persica,not specified
h00753,prunus davidiana,david peach juvenile branch,shan tao zhi,,not specified,see prunus persica,see prunus persica,not specified
h00754,lactuca indica,indian lettuce,shan wo ju,,not specified,to clear heat and resolve toxin quicken blood and stanch bleeding,swelling pain in throat intestinal welling abscess swelling pain of sore and boil postpartum blood stasis abdominal pain wart flooding and spotting bleeding from hemorrhoids,not specified
h00755,sanguis naemorhedi,blood of sheep,shan yang xue,,minor warm sweet salty,not specified,not specified,not specified
h00756,vicia amoena,broadleaf vetch,shan ye wan dou,,not specified,to dispel wind and eliminate damp quicken blood and relieve pain,winddamp pain hypertonicity of sinews and vessels scrotal eczema knocks and falls innominate toxin swelling nosebleedepistaxis flooding and spotting,not specified
h00757,crataegus pinnatifida,chinese hawthorn equivalent plant crataegus pinnatifida var major,shan zha,,minor warm sweet sour,to fortify stomach and disperse food move qi and dissipate stasis lower cholesterol,hyperlipemia myocardiac ischemia angina pectoris meattype food accumulation distention fullness in stomach duct abdominal pain and diarrhea amenorrhea due to blood stasis postpartum stasis stagnation abdominal pain stabbing pain in heart and abdomen mounting qi ,not specified
h00758,semen crataegi,howthorn seed,shan zha hu,,mild pungent sweet,not specified,not specified,not specified
h00759,not specified,crataegi folium,shan zha ye,,not specified,not specified,hypertension lacquer sore enduring sores,blood activating stasis removing drugs
h00760,fructus corni,asiatic cornelian cherry fruit,shan zhu yu,,warm sweet sour punkery,to replenish the liver and kidney restrain seminal discharge and relieve collapse,dizziness and tinnitus aching in lumbus and knees impotence and emission enuresis and frequent urination flooding and spotting with vaginal discharge vacuity and profuse sweating vacuity desertion due to great sweating diabetes mellitus due to internal heat dysmenorrhea,astringent medicinal
h00761,garcinia multiflora,manyflower garcinia,shan zhu zi,,not specified,to clear heat and engender liquid,stomach heat fluid damage vomiting thirst lung heat qi counterflow incessant cough,not specified
h00762,not specified,not specified,shao guo wu zhu yu,,not specified,not specified,not specified,not specified
h00763,fructus cnidii,common cnidium fruit,she chuang zi,,warm pungent bitter,to warm the kidney and promote virility to remove damp to dispel zvind and to kill parasites,impotence scrotal damp itch vaginal discharge pudendal itch trichomoniasis eczema infertility due to uterus cold winddamp impediment pain scab and lichen damp sore,medicinal for detoxificationparasiticidedrying dampness and relieving itching
h00764,rhizoma belamcandae,blackberrylily rhizome,she gan,,cold bitter,to remove toxic heat eliminate phlegm and soothe the sore throat,heat toxin and phlegmfire stasis swelling pain in throat cough and asthma,antipyretic detoxicate drugs
h00765,ampelopsis brevipedunculata,ampelopsis,she pu tao,,not specified,to disinhibit urine clear heat eliminate inflammation allay thirst,chronic nephritis hepatitis pain of hot urine stomach heat vomiting wind papules sore toxin bleeding due to external injury,not specified
h00766,moschus moschiferus moschus berezovskii moschus sifanicus,abelmusk,she xiang,,warm pungent,to open orifices and arouse spirit quicken blood and dissipate binds disperse swelling and relieve pain,angina pectoris cerebral thrombosis vascular migraine carcinoma febrile diseases clouded spirit wind stroke with phlegm reversal qi depression and fulminant reversal malignity stroke stupor amenorrhea due to blood stasis concretion conglomeration accumulation and gathering sudden pain in heart and abdomen knocks and falls wound impediment pain numbness malign sore with welling abscess and flat abscess throat impediment mouth sore gan of teeth and gum otitis media,mind opening
h00767,thymus vulgaris,thyme,she xiang cao,,not specified,to suppress cough and dispel wind,pertussis acute bronchitis pharyngolaryngitis,not specified
h00768,andrographis elongata,elongate andrographis,shen chang chuan xin lian,,not specified,not specified,not specified,not specified
h00769,rhodiola coccinea,darkred rhodiola,shen hong hong jing tian,,not specified,not specified,not specified,not specified
h00770,rhodiola sacra,integripetal rhodiola,sheng di hong jing tian,,not specified,to supplement qi and clear lung boost wits and nourish heart promote contraction and stanch bleeding dissipate stasis and disperse swelling,qi vacuity and general weakness aversion of cold during convalescence shortness of breath and hypodynamia lung heat cough hemoptysis leukorrhea diarrhea knocks and falls burns and scalds neurosis altitude stress,not specified
h00771,radix rehmanniae,fresh rehmannia root,sheng di huang,,cold sweet bitter,treatment of exogenous heat invading at the nutritive and blood levels manifested as dry mouth and deep red tongue proper with scanty coating fresh rehmannia root shengdihuang is used with scrophularia xuanshen rhinoceros horn xijiao and ophiopogon root,1 its decoction exerts a protective effect on experimental hepatitis of mice induced by carbon tetrachloride2 gastric feeding or injection of its decoction water infusion or alcoholic extract can lower the blood sugar level in rabbits this result is controversial in the recent years3 intravenous injection of its extract exerts a hypertensive and diuretic effect in rabbits and dogs4 its alcoholic extract shortens the blood coagulation time in rabbits5 its water infusion inhibits the growth of some pathogenic fungi,heat clearence
h00772,ageratum conyzoides,tropic ageratum,sheng hong ji,,not specified,to clear heat and resolve toxin stanch bleeding relieve pain,common cold with fever swelling pain in throat hemoptysis spontaneous external bleeding flooding and spotting pain in stomach duct and abdomen winddamp impediment pain knocks and falls bleeding due to external injury swelling toxin of welling abscess and sore eczema titillation,not specified
h00773,sophora japonica l,pod of japanese pagodatree,sheng huai jiao,,minor cold bitter,not specified,not specified,not specified
h00774,not specified,ginger juice,sheng jiang zhi,,not specified,not specified,not specified,not specified
h00775,rhizoma cimicifugae,largetrifoliolious bugbane rhizome,sheng ma,,minor cold pungent,to induce perspiration and promote eruption to remove toxic heat and to cure drooping and ptosis,prevention of ptosis womens hormone dysfunction diseases seasonal epidemic fire toxin mouth sore sore pharynx macula coldheat headache swelling toxin of welling abscess and sore center qi fall spleen vacuity diarrhea chronic dysentery vaginal discharge flooding,pungent cool diaphoretics
h00776,rhizoma acori talarinowii,grassleaf sweetflag rhizome,shi chang pu,,warm pungent bitter,to eliminate damp and phlegm to improve appetite and to restore consciousness and benefit the mentality,febrile diseases clouded spirit phlegm reversal amnesia tinnitus deafness distending pain in stomach duct and abdomen fooddenying dysentery winddamp impediment pain knocks and falls scab and lichen with welling abscess and flat abscess,resuscitative stimulant resuscitative medicinal
h00777,calyx kaki,calyx and receptacle of a persimmon,shi di,,mild bitter punkery,to check the upward flow of the stomach qi,hiccough,qi regulating drugs
h00778,herba dendrobii,dendrobium,shi hu,,minor cold sweet,treatment of thirst due to impairment to yin or deficiency of body fluid loss of appetite with nausea fever in deficiency conditions after a severe disease impaired vision,1 dendrobine one of its components exerts the effects of raising the level of blood sugar hypotensive antipyretic and analgesic2 its infusion is cardioinhibitory3 low dosage causes excitation while high dosage causes inhibition of the intestine of rabbits in vitro,for tonifying weakness
h00779,evodia rutaecarpa var officinalis,officinal evodia,shi hu3,,not specified,see evodia rutaecarpa ,see evodia rutaecarpa,not specified
h00780,concha haliotidis,seaear shell,shi jue ming,,cold salty,treatment of headache and dizziness blurred vision due to nebula optic atrophy and night blindness,1 improves eyesight2 haemostatic,for calming liver and containing wind
h00781,fructus quisqualis,fruit of rangooncreeper,shi jun zi,,warm sweet,to kill worms,ascariasis oxyuria disease child gan accumulation,antiparasitic drugs
h00782,pericarpium grati,pomegrate rind,shi liu pi,,warm sour punkery,to check diarrhea arrest bleeding and repel worms,chronic diarrhea chronic dysentery hematochezia prolapse of rectum flooding and spotting leukorrhea abdominal pain due to worm accumulation,astringent medicinal
h00783,gentianopsis paludosa,swampy gentianopsis,shi sheng bian lei,,not specified,to clear heat and disinhibit damp resolve toxin,common cold with fever hepatitis cholecystitis nephropyelitis red eyes with gall infant diarrhea swelling toxin of sore and boil,not specified
h00784,psilotum nudum,nude fern,shi shua ba,,not specified,to dispel wind and eliminate damp quicken blood and stanch bleeding,winddamp impediment pain wind papules amenorrhea blood ejection knocks and falls,not specified
h00785,diospyros kaki,persimmon leaf,shi ye,,not specified,to relieve cough and settle asthma engender liquid and allay thirst quicken blood and stanch bleeding,cough and asthma lung qi distention internal bleeding,not specified
h00787,rhamnus davurica,davurian buckthorn,shu li,,not specified,to clear heat and resolve toxin drain precipitation and kill worms relieve cough and dispel phlegm,sore and welling abscess scrofula scab and lichen decayed toothache mout h sore abdominal distention and constipation cough of phlegm asthma edema distention fullness,not specified
h00788,geranium sibiricum,siberian cranesbill,shu zhang lao guan cao,,not specified,see geranium wilfordii,see geranium wilfordii,not specified
h00789,ephedra procera,tall ephedra,shu zhuang ma huang,,not specified,not specified,not specified,not specified
h00790,flos lonicerae,honeysuckle flower,shuang hua,,cold sweet,treatment of carbuncles boils erysipelas acute dysentery pharyngitis upper respiratory infection epidemic febrile diseases,1 broadspectrum antibiotic  chlorogenic acid isochlorogenic acid and luteolin are the major active components2 antiinflammatory 025gkg intraperitoneally in mice3 antipyretic4 its aqueous distillate 11280 promotes white cell phagocytosis and enhances lymphocyteblastogenesis rate in vitro,heat clearence
h00791,ephedra distachya,jointfir ephedra,shuang sui ma huang,,not specified,not specified,not specified,not specified
h00793,fructus polygoni orientalis,princesfeather fruit,shui hong hua zi,,not specified,to reduce masses by dissipating blood stasis and to relieve pain by removing stagnancy of food,treatment of mass in the abdomen goitre with pain epigastric pain and distension due to indigestion,blood activating stasis removing drugs
h00794,veronica anagalis aquatica l,veronica anagallisaquatica l,shui ku mai,,not specified,not specified,not specified,not specified
h00795,saussurea medusa,medusa saussurea,shui mu xue lian,,not specified,see saussurea laniceps,see saussurea laniceps,not specified
h00796,oldenlandia corymbosa,corymbose hedyotis,shui xian cao,,not specified,see oldenlandia diffusa,see oldenlandia diffusa ,not specified
h00797,schnabelia tetradonta,fourteech schnabelia,si chi si leng cao,,not specified,not specified,not specified,not specified
h00798,folium llicis chinensis,purpleflower holly leaf,si ji qing,,cold bitter punkery,to clearheat and toxic materials,angina pectoris coronary heart disease thrombophlebitis thromboangiitis obliterans buergers disease lung heat cough swelling pain in throat dysentery diarrhea infection of biliary tract  urinary tract infection burns and scalds heat toxin swollen welling abscess ulcer of lower limb eczema frostbite cracking wound bleeding due to external injury,antipyretic detoxicate drugs
h00799,rhodiola quadrifida,foursplit rhodiola,si lie hong jing tian,,not specified,to boost kidney and nourish liver regulate menstruation and quicken blood,steaming bone taxation fever dry blood tisis consumptive disease due to blood disorders dizzy head and vision menstrual disorder menoxenia,not specified
h00800,lignum pini nodi,knotty pine wood pine nodular branch,song jie,,warm bitter,1 to dispel wind and dry dampness 2 to stop pain,treatment of 1 winddamp obstruction syndrome pine nodular branch songjie is used with herbs that dispel wind and dampness in acute arthritis with severe pain pine nodular branch songjie is soaked in wine for drinking 2 external injury pain pi,winddampnessdispelling and colddispersing medicinal
h00801,folium pini,leaf of pine,song zhen,,not specified,1 to tranquilize the mind for palpitation insomnia amnesia recently used for neurasthenia chronic keshan disease hypertension coronary heart diseases and cor pulmonale 2 external use for depriving dampness killing parasite and alleviate itching for exudative dermatitis scabies and tinea,1 to tranquilize the mind for palpitation insomnia amnesia recently used for neurasthenia chronic keshan disease hypertension coronary heart diseases and cor pulmonale 2 external use for depriving dampness killing parasite and alleviate itching,not specified
h00802,cola acuminata,acuminate colanut,su dan ke le guo,,not specified,to raise spirit,not specified,not specified
h00803,styrax,storax,su he xiang,,warm pungent,1 to open the orifices and clear the mind 2 to stop pain,wind stroke with phlegm reversal sudden clouding collapse cold pain in chest and abdomen fright epilepsy warm disease,resuscitative stimulant resuscitative medicinal
h00804,caesalpinia sappan,sappan caesalpinia,su mu,,mild pungent sweet salty,to quicken blood and dispel stasis disperse swelling and relieve pain,amenorrhea and dysmenorrhea postpartum blood stasis stabbing pain in chest and abdomen swelling pain due to external injury,blood activation and stasis removal
h00805,tamarindus indica,tamarind fruit,suan jiao,,not specified,to clear heat and resolve toxin harmonize stomach and disperse accumulation,summerheat stroke inappetence child gan accumulation vomiting in pregnancy constipation,not specified
h00806,rumex acetosa,garden sorrel,suan mo,,not specified,to cool blood and stanch bleeding drain heat and free stool disinhibit urine kill worms,blood ejection hematochezia profuse menstruation heat dysentery red eyes constipation urinary stoppage stranguryturbidity malign sore scab and lichen eczema,not specified
h00807,ziziphus jujuba var spinosa,spine date,suan zao,,not specified,to quiet heart and spirit nourish liver constrain sweat,vacuity vexation and egersis fright palpitation and fearful throbbing spontaneous sweating and night sweating due to vacuity,not specified
h00808,semen aesculi,buckeye seed,suo luo zi,,not specified,to regulate the flow of qi normalize the stomach function and relieve pain,distending pain in chest and ribside distending pain in breast dysmenorrhea pain in stomach duct pain in chest and abdomen,qi regulating drugs
h00809,cephalotaxus wilsoniana,wilson plumyew,tai wan cu fei,,not specified,not specified,not specified,not specified
h00810,hibiscus taiwanensis,taiwan hibiscus,tai wan fu rong,,not specified,to clear lung and relieve cough cool blood and resolve toxin,lung heat cough toxin swelling of sores,not specified
h00811,goniothalamus amuyon,aiwan goniothalamus,tai wan ge na xiang,,not specified,not specified,not specified,not specified
h00812,ajuga taiwanensis,taiwan bugle,tai wan jin gu cao,,not specified,not specified,not specified,not specified
h00813,taraxacum formosanum,taiwan dandelion,tai wan pu gong ying,,not specified,not specified,not specified,not specified
h00814,radix pseudostellariae,heterophylly falsestarwort root,tai zi shen,,mild sweet slightly bitter,to replenish qi and invigorate the spleen function and topromote fluid secretion and moisten the lung,treatment of hypofunction of the spleen with lassitude and anorexia debility and deficiency of qi and yin marked by spontaneous sweating and thirst during convalescence dry cough due to dryness of the lung,qi reinforcing drugs
h00815,lignum santaii albi,sandalwood,tan xiang,,warm pungent,to promote the flow of qi in the heart to warm the spleen and stomach to increse appetite and to relieve pain,pain in chest and abdomen cold stomachache vomiting of water due to congealing cold qi stagnation coronary heart disease with pattern of qi stagnation and blood stasis,qi regulating drugs
h00816,prunus persica,peach root,tao gen,,not specified,to clear heat and disinhibit damp quicken blood and relieve pain disperse swollen welling abscess,jaundice sand qi abdominal pain lumbago taxation damage due to knocks and falls winddamp impediment pain amenorrhea blood ejection spontaneous external bleeding swollen welling abscess hemorrhoids,not specified
h00817,prunus persica,peach flower equivalent plant shan tao hua,tao hua,,not specified,to disinhibit water and free stool quicken blood and transform stasis,inhibited urination edema phlegmrheum sand strangury stone strangury beriberi constipation concretion and conglomeration amenorrhea mania and withdrawal sore and papules,not specified
h00818,rhodomyrtus tomentosa,rosemyrtle,tao jin niang,,not specified,to nourish blood and stanch bleeding astringe intestines and secure essence,blood vacuity and general weakness blood ejection nosebleedepistaxis taxation damage hemoptysis hematochezia flooding and spotting emission vaginal discharge dysentery prolapse of rectum scalds bleeding due to external injury,not specified
h00819,prunus persica,peach bast equivalent plant prunus davidiana,tao jing bai pi,,not specified,to clear heat and disinhibit damp resolve toxin kill worms,edema sand qi abdominal pain lung heat asthma and oppression welling abscess and flat abscess scrofula damp sore,not specified
h00820,semen persicae,peach seed,tao ren,,mild sweet bitter,to promote blood circulation to eliminate phlegm and to relax the bowels,amenorrhea dysmenorrhea concretion and conglomeration lump glomus knocks and falls intestinal dry and constipation,blood activating stasis removing drugs
h00821,prunus persica,peach leaf,tao ye,,not specified,to dispel wind and clear heat dry damp and resolve toxin kill worms,externally contracted wind evil head wind headache wind impediment eczema swollen welling abscess and sores lichen sore malaria trichomoniasis,not specified
h00822,prunus persica,peach juvenile branch equivalent plant prunus davidiana,tao zhi,,not specified,to quicken blood and free network vessels resolve toxin kill worms,pain in heart and abdomen invisible worm sores,not specified
h00823,garcinia morella,gamboge tree resin,teng huang,,not specified,to disperse swelling and resolve toxin stanch bleeding and kill worms,swelling toxin of welling abscess and flat abscess intractable lichen malign sore bleeding due to external injury gan of teeth and gum burns and scalds,for eliminating toxic materials dissolving rottenness and growing new muscles
h00824,garcinia cambogia,camboge garcinia,teng huang shan zhu zi,,not specified,not specified,not specified,not specified
h00825,radix asparagi,cochinchinese asparagus root,tian dong,,cold sweet bitter,to replenish yin promote fluid secretion and moisten the lung,1 asparamide is an expectorant antitussive and antiasthmatic2 inhibiting the cell growth of acute lymphocytic acute monocytic and chronic granulocytic leukemias in vitro,yintonifying medicinal
h00826,semen cucumis,muskmelon seed,tian gua zi,,cold bitter,not specified,not specified,phlegresolving medicine
h00827,radix semiaquilegiae,muskrootlike semiaquilegia root,tian kui zi,,cold sweet bitter,to remove toxic heat and promote the subsidence of swelling,treatment of carbuncles boils and sores mastitis scrofula venomous snake bite,antipyretic detoxicate drugs
h00828,gastrodia elata,tall gastrodia,tian ma,,mild sweet,to extinguish wind and check tetany calm liver and subdue yang  dispel wind and free network vessels,convulsion child convulsion spasm in limbs facial muscle spasm trigeminal neuralgia numbness in limbs acute fright wind chronic fright wind tetanus dizziness headache hemiplegia hypertension winddamp impediment pain,for calming liver and containing wind
h00829,asparagus cochinchinensis syn asparagus lucidus ,cochinchinese asparagus,tian men dong,,sweet  bitter extremely cold,to enrich yin and moisten dryness clear lung and downbear fire,yin vacuity fever cough with blood ejection lung wilting pulmonary welling abscess swelling pain in throat diabetes mellitus constipation,for tonifying weakness
h00830,rheum wittrocki,tianshan mountain rhubarb,tian shan da huang,,not specified,not specified,not specified,not specified
h00831,garcinia dulcis,dulcin garcinia,tian shan zhu zi,,not specified,not specified,not specified,not specified
h00832,concretio silicea bambusae,chinese schinzostachyum tabasheer,tian zhu huang,,cold sweet,for desolving phlegm,not specified,phlegresolving medicine
h00833,radix smilacis,root and rhizome of smilax,tie si wei ling xian,,warm pungent salty,not specified,not specified,winddampnessdispelling and heatclearing medicinal
h00834,herba acalyphae,copperleaf herb,tie xian cai,,not specified,1 treatment of diarrhea and dysentery of darnpnessheat type recently also for amebic dysentery and typhoid fever 2 treatment of hemoptysis hematemesis hemafecia metrorrhagia etc 3 treatment of dyspneic cough of lungheat type,1 bacteriostatic 2 astringent and protective on intestinal mucosa 3 antiasthmatic,heat clearence
h00835,semen lepiddi seu descurainiaesemen lepidiisemen descurainiae,lepidium seed descurainia seed,ting li zi,,extreme cold pungent bitter,to quench fire in the lung to relieve dyspnea and to cause diuresis,phlegmdrool and congesting lung cough and asthma with abundant phlegm distention fullness in chest and ribside edema in chest and abdomen inhibited urination,antitussive antiasthmetics
h00836,cinchona cuprea,cupreous cinchona,tong se ji na shu,,not specified,not specified,not specified,not specified
h00838,rhizoma smilacis glabrae,glabrous greenbrier rhizome,tu fu ling,,mild sweet neutral,to remove damp to counteract toxicity and to improve the mobility of joints,dampheat with strangury turbidity vaginal discharge swollen welling abscess scrofula scab and lichen syphilis mercurial poisoning,antipyretic detoxicate drugs
h00839,not specified,pseudolaricis cortex,tu jing pi,,not specified,not specified,scab and lichen eczema neurodermatitis ,medicinal for detoxificationparasiticidedrying dampness and relieving itching
h00840,senecio chrysanthemoides,chrusanthemumlike groundsel,tu san qi,,not specified,to clear heat and resolve toxin dissipate stasis and disperse swelling,toxin swelling of sores painful swelling from knocks and falls,not specified
h00841,semen cuseutae,dodder seed,tu si zi,,mild pungent sweet,to arrest seminal discharge and abnormal urination prevent abortion improve eyesight and relieve diarrhea by replenishing and tonifying the liver and the kidney,1 cardiotonic 2 promoting lymphocyteblastogenesis,yang reinforcing drugs
h00842,origanum vulgare,common origanum,tu xiang ru,,not specified,to resolve exterior rectify qi clear summerheat disinhibit damp,common cold with fever summerheat stroke distention fullness in chest and diaphragm vomiting diarrhea with abdominal pain jaundice edema vaginal discharge child gan accumulation measles papules itchy skin swelling pain of sores knocks and falls,not specified
h00843,concha arcae,arc shell,wa leng zi,,salty neutral,to eliminate phlegm to remove blood stasis to soften hard masses and dissolve lumps and to relieve gastric pain by reducing acid,treatment of retention of sticky phlegm difficult to expectorate goitre scrofula masses in the abdomen gastric pain with acid regurgitation,phlegresolving medicine
h00844,hypericum curvisepalum,curvedsepal stjohnswort,wan e jin si tao,,not specified,not specified,not specified,not specified
h00845,herba artemisiae,allgrass of russian wormwood,wan nian hao,,cold bitter,not specified,not specified,not specified
h00846,tagetes erecta,aztec marigold leaf,wan shou ju ye,,not specified,to clear heat and resolve toxin,innominate toxin swelling gan disease welling abscess sore clove sore,not specified
h00847,semen vaccariae,vacarria seed cow soapwort seed,wang bu liu xing,,mild bitter,1 to invigorate blood and promote menstruation 2 to promote lactation,galactostasis amenorrhea dysmenorrhea mammary welling abscess,blood activating stasis removing drugs
h00848,magnolia biondii,biond magnolia,wang chun yu lan,,not specified,see magnolia liliflora,see magnolia liliflora,not specified
h00849,trichosanthes cucumeroides,japanese snakegourd,wang gua,,not specified,to eliminate heat engender liquid dispel stasis promote lactation,diabetes mellitus jaundice dysphagiaocclusion and stomach reflux amenorrhea scant breast milk swollen welling abscess chronic pharyngolaryngitis,not specified
h00850,cassia occidentalis,coffee senna,wang jiang nan,,not specified,to clear lung clear liver calm asthma disinhibit urine free stool resolve toxin and disperse swelling lower blood pressure,cough and asthma hypertension headache and red eyes dribbling urination constipation swelling toxin of welling abscess and sore snake or insect bites,not specified
h00851,herba potentillae chinensis,chinese cinquefoil,wei ling cai,,not specified,to remove toxic heat and reduce heat in blood and to relieve dysentery,red dysentery and abdominal pain enduring dysentery bleeding hemorrhoids swelling toxin of sore and welling abscess,antipyretic detoxicate drugs
h00852,radix clematidis,chinese clematis root,wei ling xian,,warm pungent salty,to relieve rheumatic conditions to remove obstruction of collaterals and to alleviate pain,common cold tonsillitis acute icterohepatitis laryngitis rheumatic arthritis winddamp impediment pain numbness in limbs hypertonicity of sinews and vessels bone stuck in throat,winddampnessdispelling and colddispersing medicinal
h00853,rabdosia excisa,taillikeleaf rabdosia,wei ye xiang cha cai,,not specified,not specified,not specified,not specified
h00854,equisetum arvense,bottlebrush,wen jing,not specified,not specified,to stanch bleeding disinhibit urine brighten eyes,spontaneous external bleeding blood ejection hemoptysis hematochezia flooding and spotting bleeding due to external injury red eyes and eye screen,not specified
h00856,diphylleia sinensis,chinese umbrellaleaf equivalent plant diphylleia grayi,wo er qi,,not specified,to dispel winddamp clear heat and cool blood quicken blood and relieve pain drain precipitation,rheumatic arthritis pain in lumbus and legs steaming bone taxation fever knocks and falls menstrual disorder painful bind in lesserabdomen swollen welling abscess,not specified
h00858,ficus carica,fig leaf,wu hua guo ye,,not specified,to clear damp heat resolve sore toxin disperse swelling and relieve pain,dampheat diarrhea vaginal discharge hemorrhoids pain from swollen welling abscess scrofula,not specified
h00859,not specified,semen sapindi mukorossi,wu huan zi shu qiang,,not specified,not specified,not specified,not specified
h00860,sapindus mukorossi,chinese soapberry leaf,wu huan zi ye,,not specified,to resolve toxin suppress cough,snake bite pertussis,not specified
h00861,gallus domesticus,black chicken,wu ji,,mild sweet,not specified,not specified,not specified
h00862,not specified,folium acanthopanacis gracilistyti,wu jia ye,,not specified,not specified,not specified,not specified
h00863,aquilegia ecalcarata,spurless columbine,wu ju lou dou cai,,not specified,to resolve exterior and abate fever draw out toxin and engender flesh,common cold with headache putrefying sore yellowwater sore,not specified
h00864,fructus mume,smoked plum,wu mei,,mild sour,to arrest persistent cough to relieve diarrhea by astringing the intestines to promote the production of body fluid and to relieve colic caused by ascaris,enduring cough chronic diarrhea and dysentery hematuria hematochezia flooding and spotting vacuity heat with vexation and thirst roundworm reversal with abdominal pain outcrop of sore and welling abscess,astringent medicinal
h00865,firmiana simplex,phoenix tree bast,wu tong bai pi,,not specified,to lower cholesterol clear heat and calm liver dispel wind and eliminate damp quicken blood and relieve pain,hyperlipemia hypertension winddamp impediment pain knocks and falls menstrual disorder hemorrhoids erysipelas,not specified
h00866,not specified,radix firmianae plantanifoliae,wu tong gen,,not specified,not specified,not specified,not specified
h00867,not specified,flos firmianae plantanifoliae,wu tong hua,,not specified,not specified,not specified,not specified
h00868,firmiana simplex,phoenix tree leaf,wu tong ye,,not specified,to lower cholesterol clear heat and calm liver dispel wind and eliminate damp clear heat and resolve toxin,hyperlipemia hypertension winddamp pain numbness and paralysis swelling toxin of sore and welling abscess hemorrhoids shank sore bleeding due to external injury hypertension,not specified
h00869,not specified,semen firmiae,wu tong zi,,not specified,not specified,hyperlipemia food damage stomachache mounting qi infant mouth sore,digestants
h00870,aconitum carmichaeli,common monkshood equivalent plant aconitum karakolicum aconitum balfourii,wu tou,,not specified,to dispel wind and eliminate damp warm channels dissipate cold and relieve pain,windcolddamp impediment pain in joints numbness in limbs hemiplegia head wind headache cold pain in heart and abdomen cold mounting with pain stasis pain from knocks and falls swelling toxin of flat abscess,for warming interior
h00871,schisandra chinensis,chinese magnoliavine equivalent plant schisandra sphenanthera,wu wei zi,,warm sour,to promote contraction and secure astriction boost qi and engender liquid quiet heart and spirit,enduring cough and vacuity asthma dream emission frequent urination and enuresis incessant chronic diarrhea spontaneous sweating and night sweating fluid damage and thirst palpitation and insomnia,astriction
h00872,radix linderae,combined spicebush root,wu yao,,warm pungent,1 to regulate qi and stop pain 2 to warm the kidneys and dispel cold,distending pain in chest and abdomen qi counterflow with rapid asthma bladder vacuity cold enuresis and frequent urination mounting qi  dysmenorrhea,qi regulating drugs
h00873,fructus evodiae,fruit of diverseflower evodia,wu yu,,warm pungent bitter,treatment of headache accompanied by retching and cold limbs abdominal colic weakness and edema of the legs abdominal pain during menstruation epigastric distension and pain with vomiting and acid regurgitation diarrhea occurring before dawn daily hypertension external use for ulcers in the mouth,1 its volatile oil containing evoden inhibits the abnormal fermentation in the intestine2 evodin evodiamine and rutaecarpine are active components for analgesic3 oral administration or injection can lower blood pressure in normal animals or those with renal hypertension,not specified
h00874,sepiella maindronide rochebrune,cuttlefish bone cuttlebone,wu zei gu,,minor warm salty,treatment of 1 hemorrhage cuttlefish bone wuzeigu is used with rubia root qiancao carbonized petiole of windmill palm zonglutan and donkey hide gelatin ejiao cuttlefish bone wuzeigu can be used alone for bleeding due to external injuries 2 deficiency of the kidneys manifested as seminal emissions or leukorrhea cuttlefish bone wuzeigu is used with dogwood fruit shanzhuyu dioscorea shanyao dadder seed tusizi and oyster shell muli 3 stomach pain and acid regurgitation cuttlefish bone wuzeigu is used with tendrilled fritillary bulb chuanbeimu in the formula wu bei san 4 eczema or chronic ulcers cuttlefish bone wuzeigu is used with phellodendron bark huangbai and natural indigo qingdai for external use in powder form,treatment of 1 hemorrhage cuttlefish bone wuzeigu is used with rubia root qiancao carbonized petiole of windmill palm zonglutan and donkey hide gelatin ejiao cuttlefish bone wuzeigu can be used alone for bleeding due to external injuries 2,astriction
h00875,not specified,evodia rutaecarpajussbenth,wu zhu ye gen,,not specified,not specified,not specified,not specified
h00876,fructus evodiae,medicil evodia fruit,wu zhu yu,,pungent  bitter  hot,1 to dispel cold and stop pain 2 to pacify the liver and direct rebellious qi downward 3 to stop vomiting,dysentery cold pain in stomach duct and abdomen reverting yin headache mounting qi  dysmenorrhea beriberi with edema hyperchlorhydria colddamp diarrhea,warming interior drugs
h00877,not specified,folium evodiae rutaecarpae,wu zhu yu ye,,not specified,not specified,not specified,not specified
h00878,lysimachia capillipes,hairydtalk loosestrife,xi geng xiang cao,,not specified,to dispel wind and eliminate damp move qi and relieve pain regulate menstruation resolve toxin,common cold with cough winddamp impediment pain distending pain in stomach duct and abdomen menstrual disorder clove sore snake bite,not specified
h00880,cacumen tamaricis,chinese tamarisk twig,xi he liu,,mild pungent sweet,to induce diaphoresis and dispel wind and to promote eruption,1 bacteriostatic2 antipyretic,pungentwarm exteriorreleasing medicinal
h00881,stigma croci,saffron,xi hong hua,,mild sweet,to activate blood circulation and eliminate blood stasis to remove heat from blood and counteract toxicity and to calm the nerves,treatment of amenrrhea with abdominal mass formation blood stasis after childbirth eruptions in infectious diseases emotional dejection mania,blood activating stasis removing drugs
h00882,rabdosia serra,serrate rabdosia equivalent plant isodon lophanthoides,xi huang cao,,not specified,to clear heat and resolve toxin disinhibit damp and abate jaundice dissipate stasis and disperse swelling,dampheat jaundice cholecystitis diarrhea dysentery swelling of sores painful wound from knocks and falls,not specified
h00883,rhinoceros sumatrensis,rhinoceros horn,xi jiao,,cold sour bitter salty,to cool blood clear heat resolve toxin settle fright,blood ejection spontaneous external bleeding acute febrile diseases epidemic febrile diseases,heat clearence
h00884,cinnamomum zeylanicum,ceylon cinnamon,xi lan rou gui,,not specified,not specified,not specified,not specified
h00885,rhodiola himalansis,himalaya rhodiola,xi ma hong jing tian,,not specified,not specified,not specified,not specified
h00886,camptotheca acuminata,common camptotheac,xi shu,,not specified,to clear heat and resolve toxin dissipate binds and disperse concretion anticancer,acute leukemia chronic leukemia psoriasis swollen liver and spleen due to bilharziosis carcinoma of esophagus carcinoma of cardia carcinoma of intestine carcinoma of liver carcinoma of stomach swelling of sores,antitumor
h00887,isodon shikokiana var occidentalis,westshiko rabdosia,xi si guo xiang cha cai,,not specified,not specified,not specified,not specified
h00888,siegesbeckia orientalis,common st paulswort equivalent plant siegesbeckia orientalis var pubescens siegesbeckia orientalis var glabrescens,xi xian,,cold bitter,to dispel winddamp free channels and network vessels clear heat and resolve toxin,winddamp impediment pain lassitude in lumbus and knees hemiplegia hypertension malaria jaundice swelling toxin of welling abscess and sore wind papules damp sore animal and insect bites,for dispelling winddampness
h00889,herba asari,allgrass manchurian wildginger,xi xin,,warm pungent,to dispel windcold to relieve nasal obstruction to alleviate pain and to remove retained fluid,windcold common cold influenza headache toothache local anesthesia nasal congestion deepsource nasal congestion winddamp impediment pain phlegmrheum cough asthma,pungentwarm exteriorreleasing medicinal
h00890,radix pacis quinquefolii,american ginseng,xi yang shen,,cold sweet slightly bitter,1 to replenish qi and promote body fluids 2 to nourish yin and clear heat,qi vacuity yin depletion and effulgent fire cough and asthma with phlegmblood vacuity heat and vexation fatigue diabetes mellitus due to internal heat thirst with dry throat,qi reinforcing drugs
h00891,picrorhiza scrophulariiflora,figwortflower picrorhiza,xi zang hu huang lian,,not specified,see picrorhiza kurrooa ,see picrorhiza kurrooa,not specified
h00892,ephedra intermedia var tibetica,tibet intermediate ephedra,xi zang zhong ma huang,,not specified,not specified,not specified,not specified
h00893,lonicera similis,shortbraet honeysuckle,xi zhan mao ren dong,,not specified,see lonicera japonica,see lonicera japonica,not specified
h00894,ephedra regeliana,regel ephedra,xi zi ma huang,,not specified,not specified,not specified,not specified
h00895,isodon lophanthoides var gerardiana,gerard linearstripe rabdosia,xia ji xian wen xiang cha cai,,not specified,not specified,not specified,not specified
h00896,spica prunellae,fruit spike of common selfheal,xia ku cao,,cold pungent bitter,to quench fire of the liver and counteract inflammation of the eye and to reduce modulation and induce subsidence of swelling,red eyes with gall eyeball night pain headache and dizziness scrofula goiter and tuberculosis mammary welling abscess thyroid enlargement scrofula hyperplasia of mammary glands hypertension,fire purging drugs
h00900,rhodiola kirilowii,kirilow rhodiola,xia ye hong jing tian,,not specified,to nourish heart and quiet spirit quicken blood and transform stasis stanch bleeding clear heat and resolve toxin,qi vacuity and general weakness shortness of breath and hypodynamia palpitation and insomnia dizziness chest oppression and pain knocks and falls menstrual disorder flooding and spotting blood ejection dysentery diarrhea,not specified
h00903,typha angustifolia,narrowleaf cattail pollen,xia ye xiang pu,,not specified,see typha angustata ,see typha angustata ,not specified
h00904,ampelopsis grossedentata,bigdentate ampelopsis,xian chi she pu tao,,not specified,to clear heat and resolve toxin disinhibit damp and disperse swelling,common cold with fever swelling pain in throat icterohepatitis red eyes with gall swollen sore of welling abscess and boil,not specified
h00905,herba agrimoniae,all  grss of hairyvein agrimonia,xian he cao,,mild bitter punkery,to arrest bleeding to stop malarial attacks to relieve dysentery and to counteract toxicity,hemoptysis blood ejection flooding and spotting malaria blood dysentery swelling toxin of wellingabscess and sore pudendal itch vaginal discharge,astringent hemostatic medicinal
h00906,berberis diaphana,reddrop barberry,xian huang xiao bo,,not specified,to clear damp heat resolve heat toxin,dampheat dysentery jaundice vaginal discharge heat toxin swollen welling abscess,not specified
h00907,rabdosia nervosa,veined rabdosia,xian mai xiang cha cai,,not specified,to disinhibit damp and harmonize stomach resolve toxin and close sores,acute hepatitis indigestion pemphigus eczema itchy skin burns and scalds poisonous snake bites,not specified
h00908,rhizoma curculiginis,rhizome of common curculigo,xian mao,,hot pungent,to reinforce the kidney yang to strengthen the tendons and bonesand to dispel colddamp,impotence seminal cool limp wilting sinew and bone cold impediment in lumbus and knees yang vacuity cold diarrhea,yang reinforcing drugs
h00909,opuntia dillenii,cholla equivalent plant opuntia vulgaris,xian ren zhang,,not specified,to move qi and quicken blood cool blood and stanch bleeding resolve toxin and disperse swelling,stomachache lump glomus dysentery throat pain lung heat cough tuberculosis and hemoptysis blood ejection bleeding from hemorrhoids sores clove boil mammary welling abscess epidemic parotitis skin lichen snake or insect bites scalds frostbite,not specified
h00910,rhizoma cyperi,rhizome of nutgrass galingale,xiang fu,,mild pungent slightly sweet slightly bitter,1 to promote the free flow of qi in the liver 2 to regulate menstruation and stop pain,womens diseases menstrual disorder amenorrhea and dysmenorrhea liver depression and qi pain distending pain in chest and ribside distending pain in stomach duct indigestion glomus and oppression in chest and stomach duct cold mounting with abdominal pain painful swollen breast,qi regulating drugs
h00912,herba elsholtziae,allgrass of haichow elsholtzia,xiang ru,,minor warm pungent,1 to promote diaphoresis and release the exterior 2 to resolve dampness and harmonize the spleen and stomach 3 to promote water metabolism and release edema,fever aversion of cold headache absence of sweating abdominal pain vomiting and diarrhea edema and inhibited urination beriberi,pungentwarm exteriorreleasing medicinal
h00913,abrus precatorius,abrus precatorius l,xiang si zi,,not specified,not specified,vomiting welling abscess parotitis scab and lichen winddamp bone pain,antipyretic detoxicate drugs
h00914,berberis amurensis,amur barberry,xiao bo,,not specified,to clear heat and dry damp resolve toxin,enteritis dysentery chronic cholecystitis acute hepatitis chronic hepatitis bacillary dysentery infection of upper respiratory tract urinary tract infection leukopenic complications of carcinoma innominate toxin swelling erysipelas eczema red eyes mouth sore,not specified
h00915,herba plantaginis minutae,allgrass of little plantain,xiao che qian,,cold sweet,not specified,not specified,not specified
h00916,radix glycyrrhizae,root of ural licorice,xiao gan cao,,mild sweet,treatment of weakness of the spleen and the stomach marked by lassitude and weakness cardiac palpitation and shortness of breath cough with much phlegm  spasmodic pain in the epigastrium abdomen and limbs carbuncles and sores it is often used for reducing the toxic or drastic actions of other drugsradix glycyrrhizae processed with honey weakness of the spleen and the stomach with lassitude and lack of strength arrhythmia,1 its decoction can inhibit intestinal smooth muscles of rabbins in vitro but glycyrrhizin and glycyrrhetinic acid have no this effect2 possessing an adrenocorticomimetic effect3 its extract and glycyrrhizin exerts a detoxifying effect4 antitussive and antiasthmatic 5 glycyrrhizin has antiinflammatory effect similar to hydrocortisone,for tonifying weakness
h00917,coffea arabica,arabian coffeetree equivalent plant coffea liberica,xiao guo ka fei,,not specified,to arouse spirit disinhibit urine fortify stomach,fatigued spirit inappetence,not specified
h00919,herba cirsii,field thistle herb,xiao ji,,cool sweet bitter,to arrest bleeding by reducing heat in blood and to remove blood stasis and induce the subsidence of swelling,coughing of blood blood ejection spontaneous external bleeding hematuria blood strangury hematochezia blood dysentery flooding and spotting bleeding due to external injury swelling toxin of welling abscess and flat abscess,bloodcooling hemostatic medicinal
h00921,piptanthus nanus,small piptanthus,xiao sha dong qing,,not specified,see ammopiptanthus mongolicus,see ammopiptanthus mongolicus,not specified
h00922,medulla stachyuri medulla helwingiae,stachyurus or japanese helwingia pith,xiao tong cao,,not specified,to remove heat to cause diuresis and to promote lactation,treatment of oliguria urinary infection galactostasis,diuretic dampness excreting drugs
h00923,bupleurum smithii var parvifolium,smallleaf black thorowax,xiao ye hei chai hu,,not specified,see bupleurum chinense,see bupleurum chinense,not specified
h00924,murraya paniculata var exotica,littleleaf common jasminorange,xiao ye jiu li xiang,,not specified,see murraya paniculata,see murraya paniculata,not specified
h00925,gnetum parvifolium,smallleaf jointfir,xiao ye mai ma teng,,not specified,to dispel wind and eliminate damp stanch bleeding and dissipate stasis relieve cough and transform phlegm,winddamp impediment pain lumbago cranes knee wind knocks and falls ulcerative bleeding chronic trachitis,not specified
h00926,bulbus allii macrostemi,bulb of longstamen onion,xie bai,,warm pungent bitter,to remove the retained phlegm from the chest promote the flow of qi and relieve its stagnation,chest impediment phlegmrheum cough asthma diarrhea and tenesmus,qi regulating drugs
h00927,valeriana officinalis,common valeriana equivalent plant valeriana officinalis var latifolia valeriana amurensis,xie cao,,not specified,to quiet heart and spirit dispel winddamp move qi blood relieve pain,disquieted heart spirit palpitation and insomnia mania and withdrawal visceral agitation winddamp impediment pain distending pain in stomach duct dysmenorrhea amenorrhea knocks and falls,not specified
h00928,semen sojae,fresh soybean,xin chi,,cold pungent sweet slightly bitter,treatment of chills fever and headache in colds and influenza vexation oppressed feeling in the chest and insomnia,treatment of chills fever and headache in colds and influenza vexation oppressed feeling in the chest and insomnia,for relieving exterior syndrome
h00929,bupleurum sibiricum,siberia thorowax,xing an chai hu,,not specified,see bupleurum chinense,see bupleurum chinense,not specified
h00930,cimicifuga dahurica,dahurian bugbane,xing an sheng ma,,not specified,see cimicifuga foetida ,see cimicifuga foetida,not specified
h00931,selenarctos thibetanus,bear gall,xiong dan,,cold bitter,to clear heat and resolve toxin calm liver and brighten eyes stanch bleeding and kill worms,fright wind epilepsy convulsion due to liver heat and liver wind swollen pain in red eyes due to liver heat aversion to light eye screen swelling pain of welling abscess and sore swelling pain from hemorrhoids,heat clearence
h00932,salvia staminea,staminate sage,xiong rui zhuang shu wei cao,,not specified,not specified,not specified,not specified
h00933,radix dipsaci,himalayan teasel root,xu duan,,minor warm pungent sweet bitter,for tonifying yang,see dipsacus asperoides,yang reinforcing drugs
h00934,not specified,hemerocallis radix,xuan cao gen,,not specified,not specified,edema jaundice stranguryturbidity vaginal discharge spontaneous external bleeding hematochezia flooding and spotting scrofula mammary welling abscess galactostasis,diuretic dampness excreting drugs
h00935,flos inulae,inula flower,xuan fu hua,,minor warm pungent bitter salty,to relieve cough eliminate phlegm promote diuresis and arrest vomiting,1 its alcoholic extract is a diuretic in experimental rabbits2 the decoction inhibits the growth staphylococcus aureus and pneumococcus in vitro,phlegresolving medicine
h00936,caulis rubi corchorfolii,root of juteleaf raspberry,xuan gou jing,,mild sweet sour,not specified,not specified,not specified
h00937,radix scrophulariae,figwort root,xuan shen,,cold sweet bitter salty,to reduce heat from blood to nourish yin to quench fire and to counteract toxicity,heat entering constructionblood generalized fever vexation and thirst crimson tongue macular eruption steaming bone taxation cough vacuity vexation and insomnia fluid damage and constipation dry eyes with clouded flowery vision swelling pain in throat scrofula with phlegm node sore toxin of welling abscess and flat abscess,heat clearing blood cooling drugs
h00938,aconitum nagarum var lasiandrum,haoryanther paoshan monkshood,xuan wei wu tou,,not specified,see aconitum brachypodum,see aconitum brachypodum,not specified
h00939,saussurea involucrata,snow lotus,xue lian,,not specified,to warm kidney and invigorate yang  dispel wind and overcome damp quicken blood and free menstruation,impotence weakness in lumbus and knees winddamp impediment pain menstrual disorder amenorrhea uterus cold and abdominal pain cold rheum cough,not specified
h00940,fructus bruceae,java brucea fruit,ya dan zi,,not specified,to remove toxic heat to stop malarial attacks to relieve dysentery and to cauterize vegetations,malaria amebic dysentery dysentery with pus and blood tenesmus corn and common wart,antipyretic detoxicate drugs
h00941,cryptotaenia japonica,japanese cryptotaenia,ya er qin,,not specified,to resolve toxin and eliminate inflammation quicken blood and disperse swelling,pneumonia pulmonary welling abscess strangury mounting qi windfire toothache welling abscess and clove sore zoster itchy skin,not specified
h00942,artemisia lactiflora,ghostplant wormwood,ya jiao ai,,not specified,to quicken blood and dissipate stasis rectify qi and transform damp,dysmenorrhea amenorrhea postpartum stasis stagnation abdominal pain chronic hepatitis liver spleen enlargement food accumulation abdominal distention colddamp diarrhea mounting qi  beriberi knocks and falls burns and scalds,not specified
h00943,semen lini,linseed,ya ma zi,,not specified,to cause lubrication and to dispel wind,leprosy dry cracked skin itchy skin hair loss sores eczema intestinal dry and constipation,laxatives
h00944,herba commelie,allgrass of common dayflower,ya zhi cao,,not specified,1 clear away heat and toxic materials 2 clear away heat and promote diuresis,common cold windheat common cold influenza noninfectious fever ardent fever incessant ascites edema hordeolum swelling pain in throat scant urine with edema heat strangury with inhibited pain swollen welling abscess and toxin of clove,fire purging drugs
h00945,nicotiana tabacum,common tobacco,yan cao,,not specified,to move qi and relieve pain resolve toxin and kill worms,food stagnation qi bind pain welling abscess and flat abscess clove sore scab and lichen snake bite dog bite,not specified
h00946,rhizoma corydalis,corydalis tuber,yan hu suo,,warm pungent bitter,1 to invigorate blood and promote qi circulation 2 to stop pain,chest and ribside pain pain in stomach duct and abdomen neuralgia gastrointestinal spasm amenorrhea and dysmenorrhea postpartum stasis stagnation abdominal pain painful swelling from knocks and falls,qi regulating drugs
h00948,not specified,buddleia officinalis maxim,yang er duo ye,,not specified,not specified,not specified,not specified
h00949,flos daturae,datura flower,yang jin hua,,pungent  warm,to relieve asthma and cough to alleviate pain and to arrest spasm,cough and asthma without phlegm cold pain in heart and datura stramonium ,antitussive antiasthmetics
h00951,myrica rubra,chinese waxmyrtle bark,yang mei shu pi,,not specified,to rectify qi and dissipate stasis eliminate damp relieve pain,dysentery knocks and falls eye screen toothache burns and scalds malign scab and lai sore,not specified
h00952,syzygium samarangense,samalanga syzygium,yang pu tao ye,,not specified,to drain fire and resolve toxin dry damp and resolve toxin,mough and tongue sores goosemouth sore damperosion of sores pudendal itch,not specified
h00953,achillea millefolium,common yarrow,yang shi cao,,not specified,to dispel wind quicken blood relieve pain resolve toxin,winddamp impediment pain knocks and falls amenorrhea due to blood stasis swelling toxin of welling abscess and sore bleeding from hemorrhoids,not specified
h00955,taraxacum officinale,officinal dandelion,yao yong pu gong ying,,not specified,not specified,not specified,not specified
h00957,chrysanthemum indicum,indian wild chrysanthemum equivalent plant chrysanthemum lavandulifolium chrysanthemum boreale,ye ju,,not specified,to clear heat and resolve toxin,common cold trachitis hepatitis hypertension dysentery swollen welling abscess clove sore red eyes and distending pain scrofula eczema,not specified
h00958,flos chrysanthemi indici,wild chrysanthemum flower,ye ju hua,,minor cold pungent bitter,to remove toxic heat,hypertension headache and dizziness insomnia common cold influenza meningitis swollen welling abscess and clove sores red eyes with gall,antipyretic detoxicate drugs
h00959,crataegus cuneata,nippon hawthorn equivalent plant crataegus sanguinea crataegus kansuensis crataegus maximowiczii crataegus scabrifolia,ye shan zha,,not specified,to fortify spleen and disperse food quicken blood and transform stasis,food stagnation meattype food accumulation distending pain in stomach duct postpartum blood stasis abdominal pain lacquer sore frostbite,not specified
h00960,phyllanthus urinaria,common leafflower,ye xia zhu,,not specified,to clear heat and calm liver disinhibit water and resolve toxin,cough enteritis dysentery infective hepatitis nephritis with edema urinary tract infection child gan accumulation acute conjunctivitis nephelium mouth sore head sore innominate toxin swelling,not specified
h00963,evodia baberi,not specified,yi hua wu zhu yu,,not specified,not specified,not specified,not specified
h00964,coix lacrymajobi,adlay,yi mi,,not specified,not specified,not specified,not specified
h00965,leonurus japonicus,motherwort herba leonuri,yi mu cao,,minor cold pungent bitter,1 to promote blood circulation to remove blood stasis regulate menstruation and relieve metrorrhagia 2 to promote diuresis and relieve edema 3 to clear heat and toxic materials 4 lower blood pressure,menstrual disorder dysmenorrhea amenorrhea postpartum bleeding persistent flow of lochia edema scant urine with edema acute nephritis with edema,blood activating stasis removing drugs
h00967,not specified,alpiniae oxyphyliae fructus,yi zhi,,not specified,not specified,not specified,yang reinforcing drugs
h00968,alpinia oxyphylla,sharpleaf galangal,yi zhi ren,,warm pungent,to warm spleen check diarrhea warm kidney reduce urine secure essence,spleenstomach vacuity cold vomiting and diarrhea cold pain in abdomen drooling enuresis due to kidney vacuity frequent urination emission white turbidity,for tonifying weakness
h00969,ephedra minuta var dioeca,dioecious small ephedra,yi zhu ai ma huang,,not specified,not specified,not specified,not specified
h00970,urtica dioica,dioecious nettle,yi zhu qian ma,,not specified,see urtica cannabina,see urtica cannabina,not specified
h00971,acer saccharinum,silver maple,yin bai qi,,not specified,not specified,not specified,not specified
h00972,populus alba,white aspen,yin bai yang,,not specified,to relieve cough and calm asthma clear heat and resolve phlegm,cough and asthma,not specified
h00973,radix stellariae,starwort root,yin chai hu,,minor cold sweet,1 to reduce heat caused by deficient yin 2 to clear heat in infants caused by malnutrition,yin vacuity fever steaming bone taxation fever child gan fever,asthenic heat dispelling drugs
h00974,herba artemisiae scopariae,virgate wormwood herb,yin chen,,cool pungent bitter,to remove dampheat and relieve jaundice,1 its decoction or its volatile oil and active components such as chlorogenic acid caffeic acid and hydroxyacetophenone are chologogues2 protecting the liver of experimental animals from the damage of ccl43 decreasing the level of blood lipids and alleviating artherosclerosis and lipidosis in rabbits4 increasing the coronary flow of rabbits in vitro5 its volatile oil inhibits the growth of shigella dysenteriae hemolytic streptococcus and various dermatomyces in vitro6 anticoagulative,diuretic dampness excreting drugs
h00975,rauwolfia serpentina,java devilpepper,yin du luo fu mu,,not specified,to lower blood pressure,hypertension,not specified
h00976,siphonostegia chinensis,chinese siphonostegia,yin xing cao,,bitter warm,to clear heat and disinhibit damp quicken blood and dispel stasis,jaundice inhibited urination abdominal distention with edema stasis pain from knocks and falls blood dysentery blood strangury vaginal discharge menstrual disorder concretion conglomeration accumulation and gathering postpartum abdomin al pain,blood activation and stasis removal
h00977,rhododendron mucronulatum,korean rhododendron,ying shan hong,,not specified,to resolve exterior relieve cough and transform phlegm,common cold cough and asthma abundant phlegm,not specified
h00978,papaver somniferum,opium poppy,ying su,,not specified,to fortify spleen and promote digestion clear heat and disinhibit urine,stomach reflux abdominal pain diarrhea prolapse of rectum,not specified
h00979,pericarpium papaveris,poppy capsule,ying su ke,,mild sour punkery,1 astringe the intestine relieve diarrhea and alleviate pain 2 astringe the lung and relieve cough,enduring cough chronic diarrhea prolapse of rectum pain in stomach duct and abdomen,astringent medicinal
h00980,not specified,flos citri grandis,you hua,,not specified,not specified,not specified,not specified
h00981,ardisia colorata,colorate ardisia,you se zi jin niu,,not specified,not specified,not specified,not specified
h00982,astragalus oleifolius,oilyleaf milkvetch,you ye huang qi,,not specified,not specified,not specified,not specified
h00983,fructus phyllanthi,emblic leafflower fruit,yu gan zi,,cool sweet sour punkery,to remove heat from blood to promote digestion and the production of body fluid and to relieve cough,treatment of heat in the blood and blood stasis liver and gall bladder diseases dyspepsia abdominal pain cough sore throat dryness of the mouth,antipyretic detoxicate drugs
h00984,semen pruni,chinese dwarf cherry seed,yu li ren,,pungent  bitter neutral,to relax the bowels and to cause diuresis,desiccation of liquid and intestine dryness food accumulation and qi stagnation abdominal distention and constipation edema beriberi inhibited urination,laxatives
h00985,limonitum,limonite,yu liang shi,,mild sweet punkery,treatment of chronic diarrhea chronic dysentery abnormal uterine bleeding morbid leukorrhea,treatment of chronic diarrhea chronic dysentery abnormal uterine bleeding morbid leukorrhea,astriction
h00986,stigma maydis,corn stigma,yu mi xu,,not specified,1 to promote diuresis to relieve edema 2 to promote choleresis and relieve jaundice 3 to lower blood pressure 4 to lower blood sugar level 5 to stop bleeding,edema dribbling urination jaundice cholecystitis gallstones hypertension diabetes mellitus galactostasis,diuretic dampness excreting drugs
h00987,herba houttuyniae,allgrass of heartleaf houttuynia,yu xing cao,,minor cold pungent,to remove toxic heat to promote the drainage of pus and to relieve dysuria,pulmonary welling abscess with hacking of pus and blood lung heat phlegm cough pneumonia chronic bronchitis urinary tract infection odynuria chronic uterine cervical infection leptospirosis otitis media cystitis dysentery mastitis heat toxin sores heat strangury,antipyretic detoxicate drugs
h00988,syringa pinnafolia,pinnateleaf lilac,yu ye ding xiang,,not specified,to warm center downbear qi  warm kidney,cold pain in stomach duct and abdomen cold asthma prolapse of uterus prolapse of rectum,not specified
h00990,fructus akebiae,akebia fruit,yu zhi zi,,not specified,to regulate the flow of the liver qi to promote blood circulation and relieve pain and to cause diuresis,liver stomach qi stagnation distending pain in stomach duct distending pain in ribside nondigestion of food accumulati on dysenter y mounting qi  lumbago amenorrhea and dysmenorrhea goiter and tuberculosis scrofula carcinoma,qi regulating drugs
h00991,radix echinopsis,globethistle root,yu zhou lou lu,,not specified,to remove heat and counteract toxicity drainage of pus stanch bleeding to cure sores and carbuncles increase the secretion of milk,treatment of sores carbuncles swelling and pain due to mastitis galactostasis tuberculosis of lypmhaden pyogenic infection it can be used as antheimintic,external medicinal draw out toxin resolve putridity
h00992,hypericum sampsonii,sampson stjohnswort,yuan bao cao,,not specified,to cool blood and stanch bleeding clear heat and resolve toxin quicken blood and regulate menstruation dispel wind and free network vessels,blood ejection hemoptysis spontaneous external bleeding blood strangury bleeding from wounds enteritis dysentery mammary welling abscess swollen welling abscess and toxin of clove sore scalds snake bite menstrual disorder menstrual pain leukorrhea knocks and falls winddamp impediment pain pain in lumbus and leg tinea capitis mouth sore eye screen,not specified
h00993,rhodiola juparensis,jupar rhodiola,yuan cong hong jing tian,,not specified,not specified,not specified,not specified
h00994,angelica archangelica,angelica,yuan dang gui,,not specified,not specified,not specified,not specified
h00995,glycyrrhiza squamulosa,roundfruit licorice,yuan guo gan cao,,not specified,see glycyrrhiza uralensis ,see glycyrrhiza uralensis ,not specified
h00996,flos genkwa,flower bud of lilac daphne,yuan hua,,warm pungent bitter,1 to transform water and stop cough 2 to resolve phlegm and stop cough 3 to kill worms,edema ascites hydrothorax cough with profuse phlegm chronic bronchitis malaria scalp infection infection of skin tinea capitis neurodermatitis induce abortion toothache,drastic purgatives
h00997,daphne genkwa,lilac daphne root,yuan hua gen,,not specified,to expel water resolve toxin dissipate binds,edema scrofula mammary welling abscess hemorrhoids scab sore,not specified
h00998,caulis genkwa,stem of lilac daphne,yuan hua tiao,,warm pungent bitter,purging by pressure and by removing liquid,not specified,purging
h00999,coriandri sativi herba,coriandri sativi herba,yuan sui,,not specified,not specified,not specified,pungentwarm exteriorreleasing medicinal
h01000,drosera rotundifolia,roundleaf sundew,yuan ye mao gao cai,,not specified,to dispel phlegm suppress cough calm asthma check dysentery,cough asthma pertussis dysentery,not specified
h01001,polygala tenuifolia,thinleaf milkwort equivalent plant polygala sibirica,yuan zhi,,minor warm pungent bitter,to quiet heart and spirit dispel phlegm and open orifices resolve toxin and disperse swelling,pharyngitis disquieted heart spirit fright palpitation and insomnia amnesia fright epilepsy cough with profuse phlegm effusion of back from welling abscess and flat abscess painful swollen breast,spirit calming
h01002,flos rosae chinensis,chinese rose flower,yue ji hua,,sweet warm,1 to invigorate blood and regulate menstruation 2 to reduce swelling,menstrual disorder dysmenorrhea knocks and falls blood stasis swelling and pain scrofula swollen welling abscess scalds,blood activating stasis removing drugs
h01003,glycyrrhiza yunnanensis,yunnan licorice,yun nan gan cao,,not specified,see glycyrrhiza uralensis ,see glycyrrhiza uralensis,not specified
h01004,pueraria peduncularis,yunnan kudzuvine,yun nan ge teng,,not specified,to kill worms stem upbear yang and resolve exterior root,impotence common cold root,not specified
h01005,rhodiola yunnanesis,yunnan rhodiola,yun nan hong jing tian,,not specified,to supplement lung and boost kidney clear heat and relieve cough dissipate stasis and stanch bleeding,vacuity taxation with cough kidney vacuity lumbar pain pain in throat painful swelling from knocks and falls bleeding due to external injury,not specified
h01006,coptis teetoides syn coptis teeta,yunnan goldthread,yun nan huang lian,,not specified,see coptis chinensis,see coptis chinensis,not specified
h01007,rauvolfia yunnanensis,yunnan devilpepper,yun nan luo fu mu,,not specified,to clear heat and calm liver resolve toxin and kill worms,hypertension due to ascendant liver yang  headache dizziness vexation and agitation with insomnia scab and lichen snake bite,not specified
h01008,crataegus scabrifolia,yunnan hawthorn,yun nan shan zha,,not specified,see crataegus cuneata,see crataegus cuneata,not specified
h01009,gmelina arborea,malay bushbeech,yun nan shi zi,,not specified,not specified,not specified,not specified
h01010,not specified,caulis et folium brassicae campestris,yun tai,,not specified,not specified,not specified,not specified
h01011,trifolium hybridum,hybrid clover,za jiao che zhou cao,,not specified,not specified,not specified,not specified
h01012,crocus sativus,saffron crocus stigma,zang hong hua,,not specified,to quicken blood and transform stasis dissipate depression and open binds,anxiety and depression glomus and oppression in chest and diaphragm blood ejection cold damage mania fright palpitation amenorrhea postpartum blood stasis abdominal pain painful swelling from knocks and falls,not specified
h01013,ephedra saxatilis,cliff ephedra,zang ma huang,,not specified,see ephedra sinica,see ephedra sinica,not specified
h01015,terra flava usta,earth inside of hearth,zao  xin tu,,minor warm pungent,1 to warm the middlejiao to stop bleeding 2 to warm the middlejiao to stop vomiting 3 antidiarrhea by astringing intestines,1 for hematemesis hemafecia and metrorrhagia of astheniacold type 2 for vomiting due to stomachcold and morning sickness 3 for chronic diarrhea due to asthenia of spleen,bleeding control
h01016,spi gleditsiae,spine of chinese honeylocust,zao jiao ci,,warm pungent,to cause subsidence of swelling to draw out of pus and to kill parasites,1 to relieve carbuncle and drain pus for the early stage of carbuncle or carbuncle with unruptured abscess 2 to expel wind and kill parasites for tinea infection and leprosy,phlegresolving medicine
h01017,herba lycopi,hirsute shiny bugleweed herb,ze lan,,bitter  pungent slightly warm,1 to invigorate blood and remove stagnation 2 to promote urination and reduce edema,amenorrhea concretion and conglomeration postpartum blood stasis abdominal pain edema in body and face knocks and falls incised wound,blood activating stasis removing drugs
h01018,rhizoma alismatis,rhizome of oriental waterplantain,ze xie,,cold sweet neutral,to cause diuresis and to remove dampheat to transform dampness and promote water metabolism,hyperlipemia inhibited urination heat strangury with inhibited pain edema distention fullness diarrhea phlegmrheum dizziness emission,diuretic dampness excreting drugs
h01019,pterospermum lanceaefolium,lanceleaf wingseedtree,zhai ye ban feng he,,not specified,to quicken blood and stanch bleeding,bleeding due to external injury,not specified
h01020,hypericum lancasteri,lancasters stjohnswort,zhan e jin si tao,,not specified,not specified,not specified,not specified
h01021,scutellaria viscidula,viscidhair skullcap,zhan mao huang qin,,not specified,see scutellaria baicalensis,see scutellaria baicalensis,not specified
h01022,glycyrrhiza inflata,inflated licorice,zhang guo gan cao,,not specified,see glycyrrhiza uralensis ,see glycyrrhiza uralensis,not specified
h01023,rheum palmatum,sorrel rhubarb,zhang ye da huang,,not specified,see rheum officinale,see rheum officinale,not specified
h01024,rhododendron micranthum,manchurian rhododendron,zhao shan bai,,not specified,to relieve cough and transform phlegm dispel wind and free network vessels regulate menstruation and relieve pain,cough and asthma with abundant phlegm winddamp impediment pain lumbago menstrual disorder dysmenorrhea fracture,not specified
h01025,margarita,pearl,zhen zhu,,cold sweet salty,treatment of palpitation and insomnia convulsion epilepsy nebula skin ulcerations difficult to heal,treatment of palpitation and insomnia convulsion epilepsy nebula skin ulcerations difficult to heal,not specified
h01026,sorbaria sorbifolia,ural falsespiraea equivalent plant sorbaria arborea,zhen zhu mei,,not specified,to quicken blood and dispel stasis disperse swelling and relieve pain,fracture knocks and falls winddamp impediment pain,not specified
h01027,radix glycyrrhizae praeparata,prepared root of ural licorice,zhi cao,,mild sweet,treatment of deficiency of spleen and stomach lassitude palpitation arrhythmia,treatment of deficiency of spleen and stomach lassitude palpitation arrhythmia,for tonifying weakness
h01028,radix glycyrrhizae preparata,prepared liauorice root,zhi gan cao,,mild sweet,treatment of deficiency of spleen and stomach lassitude palpitation arrhythmia,treatment of deficiency of spleen and stomach lassitude palpitation arrhythmia,for tonifying weakness
h01030,poncirus trifoliata,trifoliateorange rootbark,zhi gen pi,,not specified,to constrain blood relieve pain,toothache hemorrhoids hematochezia,not specified
h01031,magnoliae officinalis praeparata,prepared bark of officinal magnolia,zhi hou po,,warm pungent bitter,treatment of accumulation of damp in the spleen and the stomach marked by epigastric strffiness vomiting and diarrhea abdominal distension and constipation due to retention of undigested food cough and dyspnea caused by retanied damp,1 broadspectrum antibacterial2 magnocurarine one of the active components can relaxstriated muscles3 its decoction stimulates the smooth muscles of intestines and bronchii in rabbits in vitro4 magnocuraine may also lower blood pressure and accelerate heart rate,for desolving dampness by flavors
h01032,fructus aurantii,fruit of seville orange,zhi ke,,minor cold pungent bitter,to regulate the flow of qi remove its stagnation and alleviate distension,phlegm stagnation in chest and diaphragm glomus in chest distention in ribside food accumulation retching counterflow,qi regulating drugs
h01034,semen strychni praeparata,nux vomica,zhi ma qian zi,,cold bitter,treatment of protracted arthritis rheumatoid arthralgia numbness and paralysis sequala of poliomyelitis traumatic injury boils and sores,treatment of protracted arthritis rheumatoid arthralgia numbness and paralysis sequala of poliomyelitis traumatic injury boils and sores,blood activation and stasis removal
h01035,anemarrhena asphodeloides,rhizome of common amarrhe rhizoma anemarrhee,zhi mu,,cold sweet bitter,to remove heat and quench fire and to promote the production of body fluid and relieve dryness syndromes,diabetes mellitus warm heat disease ardent fever with vexation and thirst cough and asthma dry cough constipation steaming bone tidal fever vacuity vexation and insomnia stranguryturbidity,fire purging drugs
h01036,fructus aurantii,fruit of seville orange,zhi qiao,,minor cold pungent bitter,treatment of distension and pain in the chest and hypochondriac regions due to stagnation of qi indigestion with retention of phlegm and fluid gastroptosis prolapse of the rectum prolapse of the uterus,treatment of distension and pain in the chest and hypochondriac regions due to stagnation of qi indigestion with retention of phlegm and fluid gastroptosis prolapse of the rectum prolapse of the uterus,regulation of qi
h01037,rhizoma cimicifugae praeparata,prepared largetrifoliolious bugbane rhizome,zhi sheng ma,,minor cold pungent,treatment of headache caused by windheat toothache ulcers in themouth sore throat measles with inadequate eruption andother eruptive febrile diseases prolapse of the rectum or the uterus,1 antipyretic analgesic and antiinflammatory gastric infusion of its extract mainly containing ferulic acid in a dosage of 10gkg can lower the body temperature of normal rats and relieve the pain elicited by acetic acid in mice2 inhibiting myocardium slowing heart rate and lowering heart rate and lowering blood pressure,for relieving exterior syndrome
h01038,fructus aurantii immaturus,immature fruit of seville orange,zhi shi,,minor cold pungent bitter,to eliminate stagnation of qi resolve phlegm and relieve stuffiness sensation in the chest and abdomen,shock indigestion ptosis of anus or uterus cardiac failure distention fullness in chest and abdomen phlegm aggregation,qi regulating drugs
h01039,valeriana jatamansi,jatamans valeriana,zhi zhu xiang,,not specified,to rectify qi and disperse cold quicken blood and regulate menstruation,sand and painful distention in stomach duct and abdomen vomiting and diarrhea beriberi with edema windcold common cold menstrual disorder consumption damage and cough,not specified
h01040,fructus gardeniae,fruit of cape jasmine,zhi zi,,cold bitter,1 to clear heat and reduce fire 2 to cool blood and release toxins 3 to eliminate dampness,acute icterohepatitis febrile diseases vexation melancholia restlessness stagnation of dampheat in liver and gall fever jaundice short voidings of reddish urine blood ejection spontaneous external bleeding dysentery with hematochezia and hematuria,fire purging drugs
h01041,not specified,radixginsengrubra redhalloysite,zhong guo hong shen,,not specified,not specified,not specified,not specified
h01042,hippophae rhamnoides subsp sinensis,chinese seabuckthorn,zhong guo sha ji,,not specified,see hippophae rhamnoides,see hippophae rhamnoides,not specified
h01043,inula britannica var chinensis,chinese inula,zhong guo xuan fu hua,,not specified,see inula britannica ,see inula britannica ,not specified
h01045,herba sarcatidrae,allgrass of glabrous sarcandra,zhong jie feng,,not specified,1 inhibiting the growth of staphylococcus aureus pseudomonas aeruginosa salmonella typhosa and various shigella dysenteriae in vitro 2 nonspecfic antiinflammatory and promoting the repair of gastric ulcer 3 its volatile oil and flavones inhibit sa,1 to clear heat and toxic material for carbuncle due to intensive heat aphthae gingivitis dysentery filariasis etc 2 to promote blood circulation and remove blood stasis expel wind and dredge channels for trauma rheumatism stomachache recent,antipyretic detoxicate drugs
h01046,ephedra intermedia,intermediate ephedra,zhong ma huang,,not specified,see ephedra sinica,see ephedra sinica,not specified
h01047,hippophae rhamnoides subsp turkestanica,central asia seabuckthorn,zhong ya sha ji,,not specified,not specified,not specified,not specified
h01048,isodon rugosus,rugose rabdosia,zhou ye xiang cha cai,,not specified,not specified,not specified,not specified
h01050,citrus decumana,pomelo,zhu luan,,not specified,see citrus chachiensis,see citrus chachiensis ,not specified
h01051,radix boehmeriae,ramine root,zhu ma gen,,cold sweet,for cooling blood and stopping bleeding,not specified,bloodcooling hemostatic medicinal
h01052,rhizoma panacis majoris,largeleaf japanese ginseng rhizome,zhu zi shen,,not specified,treatment of deficiency of both qi and yin characterized by fever and thirst cough in consumptive diseases traumatic injuries joint pain hemoptysis hematemesis traumatic bleeding,treatment of deficiency of both qi and yin characterized by fever and thirst cough in consumptive diseases traumatic injuries joint pain hemoptysis hematemesis traumatic bleeding,not specified
h01053,aconitum soongaricum,dzungaria monkshood,zhun ge er wu tou,,not specified,not specified,not specified,not specified
h01054,radix arnebiae seu lithospermi,arnebia root gromwell root,zi cao,,cold sweet,1 to cool blood and invigorate blood 2 to release toxins and bring the rash to the surface 3 to promote bowel movement and moisten the intestines,macula measles papules blood ejection spontaneous external bleeding hematuria purpura jaundice welling abscess and flat abscess scalds,heat clearing blood cooling drugs
h01055,not specified,peucedanidecursivi radix,zi hua qian hu,,not specified,not specified,not specified,phlegresolving medicine
h01056,ceratostigma willmottianum,willmott ceratostigma equivalent plant ceratostigma plumbaginoides,zi jin lian,,not specified,to move qi  quicken blood settle pain,knocks and falls fracture,not specified
h01057,ardisia japonica,japanese ardisia,zi jin niu,,not specified,to suppress cough dispel phlegm quicken blood disinhibit urine resolve toxin,chronic trachitis hepatitis acute nephritis chronic nephritis tuberculosis and hemoptysis blood ejection dysentery hypertension mounting qi taxation damage and strength desertion aching sinews and bones toxin swelling,not specified
h01058,cuminum cyminum,cumin,zi ran qin,,not specified,to dissipate cold and relieve pain rectify qi and regulate center,cold pain in stomach duct and abdomen indigestion cold mounting with abdominal pain menstrual disorder,not specified
h01059,not specified,perilla frutescens,zi su,,not specified,not specified,phlegm congestion and qi counterflow cough and asthma intestinal dry and constipation,pungentwarm exteriorreleasing medicinal
h01060,fructus perillae,perilia fruit,zi su zi,,not specified,to relieve dyspnea and cough to eliminate phlegm  and to relax bowels,treatment of cough and dyspnea due to accumulation of phleg  constipation,antitussive antiasthmetics
h01061,amorpha fruticosa,indigobush amorpha,zi sui huai,,not specified,to clear heat and resolve toxin dispel damp and disperse swelling,welling abscess burns and scalds eczema,not specified
h01062,radix asteris,root of tatarian aster,zi wan,,warm pungent sweet bitter,to eliminate phlegm and relieve cough,cough and asthma with abundant phlegm consumption cough and hemoptysis,antitussive antiasthmetics
h01063,lagerstroemia indica,common crapemyrtle root,zi wei gen,,not specified,to clear heat and disinhibit damp quicken blood and stanch bleeding relieve pain,swelling toxin of sore and welling abscess toothache dysentery,not specified
h01064,campsis grandiflora,chinese trumpetcreeper stemleaf,zi wei jing ye,,not specified,to clear heat cool blood dissipate stasis,wind due to blood heat itchy body wind papules limp aching numbness in limbs swelling pain in throat,not specified
h01065,plumbago indica,indian leadword,zi xue hua,,not specified,to break blood and free menstruation disperse swelling and relieve pain dispel wind and kill worms,amenorrhea dysmenorrhea winddamp impediment pain sprain from knocks and falls swelling toxin of welling abscess and sore scab and lichen,not specified
h01066,trachycarpus fortunei,fortune windmillpalm,zong lv pi,,mild bitter punkery,to promote contraction and stanch bleeding,blood ejection spontaneous external bleeding hematuria hematochezia flooding bleeding due to external injury,bleeding control
h01067,cimicifuga racemosa,racemose bugbane,zong zhuang sheng ma,,not specified,not specified,not specified,not specified
h01068,oxalis corniculata syn oxalis repens,creeping oxalis,zuo jiang cao,,not specified,to clear heat and disinhibit damp cool blood and dissipate stasis resolve toxin and disperse swelling,dampheat diarrhea dysentery jaundice st rangury syndro me vaginal discharge blood ejection spontaneous external bleeding hematuria menstrual disorder knocks and falls swelling pain in throat swollen welling abscess and clove sores erysipelas eczema scab and lichen hemorrhoids measles papules burns and scalds snake or insect bites,not specified
h01069,serenoa repens,not specified,not specified,not specified,not specified,not specified,not specified,not specified
h01070,uvaria chamae,not specified,not specified,not specified,not specified,not specified,not specified,not specified
h01071,syzygium aromaticum,not specified,not specified,not specified,not specified,not specified,not specified,not specified
h01072,hibiscus sabdariffa,not specified,not specified,not specified,not specified,not specified,not specified,not specified
h01073,moringa oleifera,not specified,not specified,not specified,not specified,not specified,not specified,not specified
h01075,stevia rebaudiana,not specified,not specified,not specified,not specified,not specified,not specified,not specified
h01076,centella asiatica,not specified,not specified,not specified,not specified,not specified,not specified,not specified
h01077,andrographis paniculata,not specified,not specified,not specified,not specified,not specified,not specified,not specified
h01079,ulmus rubra,not specified,not specified,not specified,not specified,not specified,not specified,not specified
h01080,cnicus benedictus,not specified,not specified,not specified,not specified,not specified,not specified,not specified
h01081,laminaria digitata,not specified,not specified,not specified,not specified,not specified,not specified,not specified
h01082,kaempferia galanga,not specified,not specified,not specified,not specified,not specified,not specified,not specified
h01083,angelica sinensis,not specified,not specified,not specified,not specified,not specified,not specified,not specified
h01084,myristica fragrans,not specified,not specified,not specified,not specified,not specified,not specified,not specified
h01085,aronia melanocarpa,not specified,not specified,not specified,not specified,not specified,not specified,not specified
h01086,rhodiola rosea,not specified,not specified,not specified,not specified,not specified,not specified,not specified
h01087,melilotus officinalis,not specified,not specified,not specified,not specified,not specified,not specified,not specified
h01090,sutherlandia frutescens,not specified,not specified,not specified,not specified,not specified,not specified,not specified
h01091,cassia auriculata l,not specified,not specified,not specified,not specified,not specified,not specified,not specified
h01092,ligusticum chuanxiong,not specified,not specified,not specified,not specified,not specified,not specified,not specified
h01093,nigella sativa,not specified,not specified,not specified,not specified,not specified,not specified,not specified
h01094,actaea racemosa,not specified,not specified,not specified,not specified,not specified,not specified,not specified
h01095,caulophyllum thalictroides,not specified,not specified,not specified,not specified,not specified,not specified,not specified
h01096,eugenia jambolana,not specified,yang shi guo,,not specified,to resolve toxin kill worms relieve itch,dysentery swelling of sores eczema titillation,not specified
h01097,angelicae tenuissima radix,not specified,not specified,not specified,not specified,not specified,not specified,not specified
h01098,citrus grandis,not specified,not specified,not specified,not specified,not specified,not specified,not specified
h01099,echinacea purpurea,echinacea,zi zhui hua,,not specified,used as a general nonspecific stimulant to the immune system supporting and stabilizing cellular immunity and cleansing the blood for the prevention and treatment of infections there are no known side effects associated with its use,used as a general nonspecific stimulant to the immune system supporting and stabilizing cellular immunity and cleansing the blood for the prevention and treatment of infections there are no known side effects associated with its use,not specified
h01100,rehmannia glutinosa,adhesive rehmannia fresh root,xian di huang,,not specified,to clear heat and cool blood engender liquid and moisten dryness lower blood sugar levels,diabetes mellitus dermatitis rheumatism diphtheria acute tonsillitis acute febrile diseases ardent fever with clouded spirit macula fluid damage with vexation and thirst blood ejection due to blood heat spontaneous external bleeding due to blood heat flooding and spotting due to blood heat hematochezia due to blood heat mouth and tongue sores swelling pain in throat taxation fever cough painful wound from knocks and falls swollen welling abscess,not specified
h01101,fucus vesiculosus,not specified,not specified,not specified,not specified,not specified,not specified,not specified
h01102,ginkgo biloba,ginkgo leaf,bai guo ye,,sweet bitter astringent neutral,to quicken blood and nourish heart constrain lung and astringe intestines,coronary heart disease angina pectoris hypercholesterolemia parkinsons disease peripheral arterial diseases chest impediment and heart pain cough of phlegm asthma diarrhea and dysentery vaginal discharge emission retinal insufficiency syndrome,not specified
h01103,kaempferia parviflora,not specified,not specified,not specified,not specified,not specified,not specified,not specified
h01104,polygonum capitatum,not specified,not specified,not specified,not specified,not specified,not specified,not specified
h01105,phyllanthus amarus,not specified,not specified,not specified,not specified,not specified,not specified,not specified
h01106,silybum marianum,silybum marianum,shui fei ji,,not specified,not specified,acute hepatitis chronic hepatitis cirrhosis fatty liver gallstones cholangitis,antipyretic detoxicate drugs
h01107,colubrina arborescens,not specified,not specified,not specified,not specified,not specified,not specified,not specified
h01108,anthemis nobilis,common chamomile,gao gui chun huang ju,,not specified,not specified,not specified,not specified
h01109,holothuria leucospilota,sea cucumber,hai shen,,warm salty,not specified,not specified,not specified
h01110,anthemis altissima,tall camomile,gao chun huang ju,,not specified,not specified,not specified,not specified
h01111,saussurea lappa,saussurea costus,not specified,not specified,not specified,not specified,not specified,not specified
h01112,acorus gramineus,grassleaf sweetflag,jin qian pu,,not specified,not specified,not specified,not specified
h01113,bacopa monnieri,not specified,not specified,not specified,not specified,not specified,not specified,not specified
h01114,clonorchis sinensis,not specified,not specified,not specified,not specified,not specified,not specified,not specified
h01115,lepidium meyenii,not specified,not specified,not specified,not specified,not specified,not specified,not specified
h01116,mucuna pruriens,cowage velvetbean,ci yang li dou,not specified,not specified,not specified,not specified,not specified
h01117,peganum harmala,common peganum,luo tuo peng,,not specified,to diffuse lung qi dispel winddamp disperse swelling toxin,cough and shortness of breath winddamp impediment pain itchy skin innominate toxin swelling,not specified
h01118,vitex agnuscastus,not specified,not specified,not specified,not specified,not specified,not specified,not specified
h01119,cyperus rotundus,not specified,not specified,not specified,not specified,not specified,not specified,not specified
h01120,lespedeza bicolor,shrub lespedeza,hu zhi zi,,not specified,to clear heat and moisten lung disinhibit urine and free strangury stanch bleeding,lung heat cough common cold with fever pertussis strangury syndrome spontaneous external bleeding blood ejection hematuria hematochezia,not specified
h01121,terminalia chebula,medicine terminalia leaf,he zi ye,,not specified,to precipitate qi and disperse phlegm allay thirst check dysentery,enduring cough and aphonia chronic diarrhea chronic dysentery,not specified
h01122,alisma orientalis,not specified,not specified,not specified,not specified,not specified,not specified,not specified
h01123,galanthus nivalis,snowdrop,xue hua lian,,not specified,not specified,not specified,not specified
h01124,galanthus woronowii,not specified,not specified,not specified,not specified,not specified,not specified,not specified
h01125,lycoris radiata syn amaryllis radiata,shorttube lycoris equivalent plant lycoris chinen,shi suan,,not specified,to dispel phlegm and promote vomiting resolve toxin and dissipate binds,poliomyelitis muscle weakness rheumatic arthritis pain in joints due to rheumatalgia throat wind nipple moth swelling pain in throat phlegmdrool and congesting lung food poisoning seeper in chest and abdomen malign sore and swelling toxin hemorrhoids and fistulas knocks and falls intractable lichen burns and scalds snake bite,not specified
h01126,aframomum melegueta,not specified,not specified,not specified,not specified,not specified,not specified,not specified
h01127,commiphora mukul,muhul myrrhtree,mu ku er mo yao,,not specified,not specified,not specified,not specified
h01128,pseudolarix kaempferi,not specified,not specified,not specified,not specified,not specified,not specified,not specified
h01129,scrophularia buergeriana,buerger figwort,bei xuan shen,,not specified,not specified,not specified,not specified
h01130,morinda lucida,lucid indianmulberry,huang jin ba ji,,not specified,not specified,not specified,not specified
h01131,paeonia lactiflora wild,common peony wild equivalent plant paeonia obov,chi shao wild,,not specified,to clear heat and cool blood quicken blood and dispel stasis,warm toxin macular eruption blood ejection spontaneous external bleeding intestinal wind bleeding red eyes with gall swollen welling abscess and sores amenorrhea dysmenorrhea flooding and vaginal discharge with stranguryturbidity pain in ribside due to stagnation mountingconglomeration accumulationgathering knocks and falls,not specified
h01132,phellodendron wilsonii,not specified,not specified,not specified,not specified,not specified,not specified,not specified
h01133,peltophorum pterocarpum,not specified,not specified,not specified,not specified,not specified,not specified,not specified
h01134,mentha spicata,spearmint,liu lan xiang,,not specified,to resolve exterior harmonize center rectify qi,common cold cough headache sore pharynx red eyes nosebleedepistaxis stomachache abdominal distention cholera with vomiting and diarrhea dysmenorrhea numbness in limbs painful swelling from knocks and falls sore and boil cracking,not specified
h01135,atractylodes lancea,not specified,not specified,not specified,not specified,not specified,not specified,not specified
h01136,marsdenia tenacissima,tenacious condorvine,tong guang teng,,not specified,to clear heat and resolve toxin relieve cough and calm asthma disinhibit damp and free milk anticancer,swelling pain in throat lung heat cough asthma dampheat jaundice inhibited urination dysuria breast milk stoppage sore and boil carcinoma,not specified
h01137,stephania tetrandra,stephania tetrandra,fen fang ji,,not specified,for arthralgia especially of heat type also for acrodynia of dampnessheat type trauma periarthritis of joint and angina pectoris for edema nad dysuria in ancient times used for dyspneic cough due to withered lung or heatheat for hemoptysis with abundant expectoration due to withered lung used together with semen lepidii seu descurainiae recently use for bronchial asthma asthmatic bronchitis silicosis pulmonary tuberculosis etc for hypertension especially that complicated by coronary heart diseases for carcinoma of lung and squamous cell epithiomadecreasing the dosage of radiotherapy by onethird to onefourth and minimizing the occurrence of side effect,1 hanfangchin a and b are two active components which have an antiinflammatory effect2 antiallergic inhibiting the release of histamine3 promting phagocytosis4 dilating coronary artery and decreasing myocardial oxygen consumption5 inhibiting the growth of bacillus tuberculosis staphylococcus aureus and ameba6 high dosage may induce respiratory inhibition and cardiac arrest,for dispelling winddampness
h01138,uncaria tomentosa,una de gato cats claw,bi lu gou teng,,not specified,not specified,not specified,not specified
h01139,oenothera biennis,evening primrose,not specified,,not specified,not specified,not specified,not specified
h01140,garcinia kola,kola garcinia,ke le teng huang,,not specified,not specified,not specified,not specified
h01141,azadirachta indica,not specified,not specified,not specified,not specified,not specified,not specified,not specified
h01142,cola nitida,not specified,not specified,not specified,not specified,not specified,not specified,not specified
h01143,crataegus oxyacantha,hawthorn,ying guo shan zha,,not specified,not specified,not specified,not specified
h01144,psidium guajava,guava leaf,fan shi liu ye,,not specified,to dry damp and fortify spleen clear heat and resolve toxin,dysentery food accumulation abdominal distention gingiva painful swelling winddamp impediment pain eczema shank sore swelling toxin of clove sore painful swelling from knocks and falls bleeding due to external injury snake or insect bites,not specified
h01145,camellia japonica,japanese camellia,shan cha,,not specified,to cool blood and stanch bleeding dissipate stasis and disperse swelling,blood ejection spontaneous external bleeding hemoptysis hematochezia bleeding from hemorrhoids red and white dysentery flooding blood strangury vaginal discharge scalds knocks and falls,not specified
h01146,citrus wilsonii,wilson orange young fruit,xiang yuan zhi shi,,not specified,see citrus aurantium,see citrus aurantium,not specified
h01147,croton tonkinensis,viet nam croton,dong jin ba dou,,not specified,not specified,not specified,not specified
h01148,piper longum,not specified,not specified,not specified,not specified,not specified,not specified,not specified
h01149,scutellaria baicalensis,not specified,not specified,not specified,not specified,not specified,not specified,not specified
h01150,abelmoschus moschatus syn hibiscus abelmoschus,muskmallow,huang kui,,not specified,to clear heat and resolve toxin promote lactation and free stool,ardent fever incessant lung heat cough dysentery constipation postpartum galactostasis fracture welling abscess with pus swelling innominate toxin swelling burns and scalds,not specified
h01151,asparagus falcatus,not specified,not specified,not specified,not specified,not specified,not specified,not specified
h01152,barleria prionitis,not specified,not specified,not specified,not specified,not specified,not specified,not specified
h01153,pistacia atlantica,not specified,not specified,not specified,not specified,not specified,not specified,not specified
h01154,solanum xanthocarpum,yellowfruit nightshade,huang guo qie,,not specified,to clear heat and disinhibit damp disperse stasis and relieve pain,winddamp impediment pain toothache painful swollen testes welling abscess and boil,not specified
h01155,eclipta prostrata,not specified,not specified,not specified,not specified,not specified,not specified,not specified
